market_id,display_name,category,process_family,target_variable,model_status,threshold_validation_status,historical_data_status,confidence_status,conservative_probability_status,odds_api_support,dk_contract_verified,requires_starting_goalie,requires_projected_active,requires_play_by_play,requires_joint_simulation,parlay_eligibility_status,can_calculate_true_p_today,can_calculate_market_novig_p_today,can_calculate_edge_ev_today,can_issue_operational_decision_today,prospective_validation_status,biggest_blocker,notes
PLAYER_SOG_1PLUS,Player 1+ SOG,PLAYER_SOG,PLAYER_SHOT_GENERATION|PLAYER_ACTIVE_ROLE_TOI,P(player SOG >= n),DERIVABLE_NOT_VALIDATED,DERIVABLE_TRIVIAL_NOT_VALIDATED,AVAILABLE_USED,CURRENT_FRAMEWORK,IMPLEMENTED,UNKNOWN,False,False,True,False,False,NOT_YET_ELIGIBLE,NO,"NO (no live sportsbook price exists for any NHL prop market yet, confirmed empirically 2026-08-30)",NO (requires market no-vig P),NO (requires real market price),NOT_STARTED (2026-27 season not begun),"Trivial/derivable target, never separately bootstrap-validated","research/player_sog_results.json confidence_breakdown/season_breakdown, thresholds 2-5. 1+ never separately tested (near-universal base rate, not a real book market). 6+/7+/8+ never bootstrap-validated -- real tail sparsity, not extrapolated."
PLAYER_SOG_2PLUS,Player 2+ SOG,PLAYER_SOG,PLAYER_SHOT_GENERATION|PLAYER_ACTIVE_ROLE_TOI,P(player SOG >= n),VALIDATED,VALIDATED,AVAILABLE_USED,CURRENT_FRAMEWORK,IMPLEMENTED,SUPPORTED,False,False,True,False,False,ELIGIBLE,YES,"NO (no live sportsbook price exists for any NHL prop market yet, confirmed empirically 2026-08-30)",NO (requires market no-vig P),NO (requires real market price),NOT_STARTED (2026-27 season not begun),"No live DraftKings price posted yet (preseason, confirmed empirically 2026-08-30)","research/player_sog_results.json confidence_breakdown/season_breakdown, thresholds 2-5. 1+ never separately tested (near-universal base rate, not a real book market). 6+/7+/8+ never bootstrap-validated -- real tail sparsity, not extrapolated."
PLAYER_SOG_3PLUS,Player 3+ SOG,PLAYER_SOG,PLAYER_SHOT_GENERATION|PLAYER_ACTIVE_ROLE_TOI,P(player SOG >= n),VALIDATED,VALIDATED,AVAILABLE_USED,CURRENT_FRAMEWORK,IMPLEMENTED,SUPPORTED,False,False,True,False,False,ELIGIBLE,YES,"NO (no live sportsbook price exists for any NHL prop market yet, confirmed empirically 2026-08-30)",NO (requires market no-vig P),NO (requires real market price),NOT_STARTED (2026-27 season not begun),"No live DraftKings price posted yet (preseason, confirmed empirically 2026-08-30)","research/player_sog_results.json confidence_breakdown/season_breakdown, thresholds 2-5. 1+ never separately tested (near-universal base rate, not a real book market). 6+/7+/8+ never bootstrap-validated -- real tail sparsity, not extrapolated."
PLAYER_SOG_4PLUS,Player 4+ SOG,PLAYER_SOG,PLAYER_SHOT_GENERATION|PLAYER_ACTIVE_ROLE_TOI,P(player SOG >= n),VALIDATED,VALIDATED,AVAILABLE_USED,CURRENT_FRAMEWORK,IMPLEMENTED,SUPPORTED,False,False,True,False,False,ELIGIBLE,YES,"NO (no live sportsbook price exists for any NHL prop market yet, confirmed empirically 2026-08-30)",NO (requires market no-vig P),NO (requires real market price),NOT_STARTED (2026-27 season not begun),"No live DraftKings price posted yet (preseason, confirmed empirically 2026-08-30)","research/player_sog_results.json confidence_breakdown/season_breakdown, thresholds 2-5. 1+ never separately tested (near-universal base rate, not a real book market). 6+/7+/8+ never bootstrap-validated -- real tail sparsity, not extrapolated."
PLAYER_SOG_5PLUS,Player 5+ SOG,PLAYER_SOG,PLAYER_SHOT_GENERATION|PLAYER_ACTIVE_ROLE_TOI,P(player SOG >= n),VALIDATED,VALIDATED,AVAILABLE_USED,CURRENT_FRAMEWORK,IMPLEMENTED,UNKNOWN,False,False,True,False,False,ELIGIBLE,YES,"NO (no live sportsbook price exists for any NHL prop market yet, confirmed empirically 2026-08-30)",NO (requires market no-vig P),NO (requires real market price),NOT_STARTED (2026-27 season not begun),"No live DraftKings price posted yet (preseason, confirmed empirically 2026-08-30)","research/player_sog_results.json confidence_breakdown/season_breakdown, thresholds 2-5. 1+ never separately tested (near-universal base rate, not a real book market). 6+/7+/8+ never bootstrap-validated -- real tail sparsity, not extrapolated."
PLAYER_SOG_6PLUS,Player 6+ SOG,PLAYER_SOG,PLAYER_SHOT_GENERATION|PLAYER_ACTIVE_ROLE_TOI,P(player SOG >= n),INSUFFICIENT_TAIL_DATA,INSUFFICIENT_TAIL_DATA,AVAILABLE_USED,CURRENT_FRAMEWORK,IMPLEMENTED,UNKNOWN,False,False,True,False,False,NOT_YET_ELIGIBLE,NO,"NO (no live sportsbook price exists for any NHL prop market yet, confirmed empirically 2026-08-30)",NO (requires market no-vig P),NO (requires real market price),NOT_STARTED (2026-27 season not begun),INSUFFICIENT_TAIL_DATA: real sample too thin at this threshold,"research/player_sog_results.json confidence_breakdown/season_breakdown, thresholds 2-5. 1+ never separately tested (near-universal base rate, not a real book market). 6+/7+/8+ never bootstrap-validated -- real tail sparsity, not extrapolated."
PLAYER_SOG_7PLUS,Player 7+ SOG,PLAYER_SOG,PLAYER_SHOT_GENERATION|PLAYER_ACTIVE_ROLE_TOI,P(player SOG >= n),INSUFFICIENT_TAIL_DATA,INSUFFICIENT_TAIL_DATA,AVAILABLE_USED,CURRENT_FRAMEWORK,IMPLEMENTED,UNKNOWN,False,False,True,False,False,NOT_YET_ELIGIBLE,NO,"NO (no live sportsbook price exists for any NHL prop market yet, confirmed empirically 2026-08-30)",NO (requires market no-vig P),NO (requires real market price),NOT_STARTED (2026-27 season not begun),INSUFFICIENT_TAIL_DATA: real sample too thin at this threshold,"research/player_sog_results.json confidence_breakdown/season_breakdown, thresholds 2-5. 1+ never separately tested (near-universal base rate, not a real book market). 6+/7+/8+ never bootstrap-validated -- real tail sparsity, not extrapolated."
PLAYER_SOG_8PLUS,Player 8+ SOG,PLAYER_SOG,PLAYER_SHOT_GENERATION|PLAYER_ACTIVE_ROLE_TOI,P(player SOG >= n),INSUFFICIENT_TAIL_DATA,INSUFFICIENT_TAIL_DATA,AVAILABLE_USED,CURRENT_FRAMEWORK,IMPLEMENTED,UNKNOWN,False,False,True,False,False,NOT_YET_ELIGIBLE,NO,"NO (no live sportsbook price exists for any NHL prop market yet, confirmed empirically 2026-08-30)",NO (requires market no-vig P),NO (requires real market price),NOT_STARTED (2026-27 season not begun),INSUFFICIENT_TAIL_DATA: real sample too thin at this threshold,"research/player_sog_results.json confidence_breakdown/season_breakdown, thresholds 2-5. 1+ never separately tested (near-universal base rate, not a real book market). 6+/7+/8+ never bootstrap-validated -- real tail sparsity, not extrapolated."
PLAYER_BLOCKS_1PLUS,Player 1+ Blocked Shots,PLAYER_BLOCKED_SHOTS,PLAYER_BLOCK_EVENT_GENERATION|PLAYER_ACTIVE_ROLE_TOI,P(player blocks >= n),VALIDATED,VALIDATED,AVAILABLE_USED,CURRENT_FRAMEWORK,IMPLEMENTED,UNKNOWN,False,False,True,False,False,ELIGIBLE,YES,"NO (no live sportsbook price exists for any NHL prop market yet, confirmed empirically 2026-08-30)",NO (requires market no-vig P),NO (requires real market price),NOT_STARTED (2026-27 season not begun),"No live DraftKings price posted yet (preseason, confirmed empirically 2026-08-30)","research/player_blocks_results.json, HEADLINE_THRESHOLDS=(1,2,3). 4+ never tested (real sparsity: mean 0.878 blocks/game, 50% zero-rate)."
PLAYER_BLOCKS_2PLUS,Player 2+ Blocked Shots,PLAYER_BLOCKED_SHOTS,PLAYER_BLOCK_EVENT_GENERATION|PLAYER_ACTIVE_ROLE_TOI,P(player blocks >= n),VALIDATED,VALIDATED,AVAILABLE_USED,CURRENT_FRAMEWORK,IMPLEMENTED,UNKNOWN,False,False,True,False,False,ELIGIBLE,YES,"NO (no live sportsbook price exists for any NHL prop market yet, confirmed empirically 2026-08-30)",NO (requires market no-vig P),NO (requires real market price),NOT_STARTED (2026-27 season not begun),"No live DraftKings price posted yet (preseason, confirmed empirically 2026-08-30)","research/player_blocks_results.json, HEADLINE_THRESHOLDS=(1,2,3). 4+ never tested (real sparsity: mean 0.878 blocks/game, 50% zero-rate)."
PLAYER_BLOCKS_3PLUS,Player 3+ Blocked Shots,PLAYER_BLOCKED_SHOTS,PLAYER_BLOCK_EVENT_GENERATION|PLAYER_ACTIVE_ROLE_TOI,P(player blocks >= n),VALIDATED,VALIDATED,AVAILABLE_USED,CURRENT_FRAMEWORK,IMPLEMENTED,UNKNOWN,False,False,True,False,False,ELIGIBLE,YES,"NO (no live sportsbook price exists for any NHL prop market yet, confirmed empirically 2026-08-30)",NO (requires market no-vig P),NO (requires real market price),NOT_STARTED (2026-27 season not begun),"No live DraftKings price posted yet (preseason, confirmed empirically 2026-08-30)","research/player_blocks_results.json, HEADLINE_THRESHOLDS=(1,2,3). 4+ never tested (real sparsity: mean 0.878 blocks/game, 50% zero-rate)."
PLAYER_BLOCKS_4PLUS,Player 4+ Blocked Shots,PLAYER_BLOCKED_SHOTS,PLAYER_BLOCK_EVENT_GENERATION|PLAYER_ACTIVE_ROLE_TOI,P(player blocks >= n),INSUFFICIENT_TAIL_DATA,INSUFFICIENT_TAIL_DATA,AVAILABLE_USED,CURRENT_FRAMEWORK,IMPLEMENTED,UNKNOWN,False,False,True,False,False,NOT_YET_ELIGIBLE,NO,"NO (no live sportsbook price exists for any NHL prop market yet, confirmed empirically 2026-08-30)",NO (requires market no-vig P),NO (requires real market price),NOT_STARTED (2026-27 season not begun),INSUFFICIENT_TAIL_DATA: real sample too thin at this threshold,"research/player_blocks_results.json, HEADLINE_THRESHOLDS=(1,2,3). 4+ never tested (real sparsity: mean 0.878 blocks/game, 50% zero-rate)."
PLAYER_ASSISTS_1PLUS,Player 1+ Assists,PLAYER_ASSISTS,GOAL_ASSIST_POINT_ATTRIBUTION|PLAYER_ACTIVE_ROLE_TOI,P(player assists >= n),VALIDATED,VALIDATED,AVAILABLE_USED,CURRENT_FRAMEWORK,IMPLEMENTED,SUPPORTED,False,False,True,False,False,ELIGIBLE_UNLESS_LOW_CONFIDENCE,YES,"NO (no live sportsbook price exists for any NHL prop market yet, confirmed empirically 2026-08-30)",NO (requires market no-vig P),NO (requires real market price),NOT_STARTED (2026-27 season not begun),"No live DraftKings price posted yet (preseason, confirmed empirically 2026-08-30)",research/player_assists_results.json. 3+ explicitly documented as too rare to evaluate meaningfully. LOW-confidence gate: decision_policy_v2.
PLAYER_ASSISTS_2PLUS,Player 2+ Assists,PLAYER_ASSISTS,GOAL_ASSIST_POINT_ATTRIBUTION|PLAYER_ACTIVE_ROLE_TOI,P(player assists >= n),VALIDATED,VALIDATED,AVAILABLE_USED,CURRENT_FRAMEWORK,IMPLEMENTED,UNKNOWN,False,False,True,False,False,ELIGIBLE_UNLESS_LOW_CONFIDENCE,YES,"NO (no live sportsbook price exists for any NHL prop market yet, confirmed empirically 2026-08-30)",NO (requires market no-vig P),NO (requires real market price),NOT_STARTED (2026-27 season not begun),"No live DraftKings price posted yet (preseason, confirmed empirically 2026-08-30)",research/player_assists_results.json. 3+ explicitly documented as too rare to evaluate meaningfully. LOW-confidence gate: decision_policy_v2.
PLAYER_ASSISTS_3PLUS,Player 3+ Assists,PLAYER_ASSISTS,GOAL_ASSIST_POINT_ATTRIBUTION|PLAYER_ACTIVE_ROLE_TOI,P(player assists >= n),INSUFFICIENT_DATA,INSUFFICIENT_DATA,AVAILABLE_USED,CURRENT_FRAMEWORK,IMPLEMENTED,UNKNOWN,False,False,True,False,False,NOT_YET_ELIGIBLE,NO,"NO (no live sportsbook price exists for any NHL prop market yet, confirmed empirically 2026-08-30)",NO (requires market no-vig P),NO (requires real market price),NOT_STARTED (2026-27 season not begun),INSUFFICIENT_DATA: real sample too thin at this threshold,research/player_assists_results.json. 3+ explicitly documented as too rare to evaluate meaningfully. LOW-confidence gate: decision_policy_v2.
PLAYER_POINTS_1PLUS,Player 1+ Points,PLAYER_POINTS,GOAL_ASSIST_POINT_ATTRIBUTION|PLAYER_ACTIVE_ROLE_TOI,P(player points >= n),EMPIRICAL_BASELINE_REMAINS_CHAMPION,USABLE_VIA_CHAMPION_BASELINE_NOT_A_VALIDATED_NEW_MODEL,AVAILABLE_USED,CURRENT_FRAMEWORK,IMPLEMENTED,SUPPORTED,False,False,True,False,False,NOT_YET_ELIGIBLE,YES,"NO (no live sportsbook price exists for any NHL prop market yet, confirmed empirically 2026-08-30)",NO (requires market no-vig P),NO (requires real market price),NOT_STARTED (2026-27 season not begun),"No live DraftKings price posted yet (preseason, confirmed empirically 2026-08-30)","PLAYER_POINTS_VALIDATION_REPORT.md + PLAYER_POINTS_REDESIGN_REPORT.md -- the empirical baseline beats every tested parametric candidate; it is USABLE as the champion probability source but is explicitly NOT a 'VALIDATED new model' -- Part 7's required distinction, preserved exactly."
PLAYER_POINTS_2PLUS,Player 2+ Points,PLAYER_POINTS,GOAL_ASSIST_POINT_ATTRIBUTION|PLAYER_ACTIVE_ROLE_TOI,P(player points >= n),EMPIRICAL_BASELINE_REMAINS_CHAMPION,USABLE_VIA_CHAMPION_BASELINE_NOT_A_VALIDATED_NEW_MODEL,AVAILABLE_USED,CURRENT_FRAMEWORK,IMPLEMENTED,UNKNOWN,False,False,True,False,False,NOT_YET_ELIGIBLE,YES,"NO (no live sportsbook price exists for any NHL prop market yet, confirmed empirically 2026-08-30)",NO (requires market no-vig P),NO (requires real market price),NOT_STARTED (2026-27 season not begun),"No live DraftKings price posted yet (preseason, confirmed empirically 2026-08-30)","PLAYER_POINTS_VALIDATION_REPORT.md + PLAYER_POINTS_REDESIGN_REPORT.md -- the empirical baseline beats every tested parametric candidate; it is USABLE as the champion probability source but is explicitly NOT a 'VALIDATED new model' -- Part 7's required distinction, preserved exactly."
PLAYER_POINTS_3PLUS,Player 3+ Points,PLAYER_POINTS,GOAL_ASSIST_POINT_ATTRIBUTION|PLAYER_ACTIVE_ROLE_TOI,P(player points >= n),INSUFFICIENT_DATA,INSUFFICIENT_DATA,AVAILABLE_USED,CURRENT_FRAMEWORK,IMPLEMENTED,UNKNOWN,False,False,True,False,False,NOT_YET_ELIGIBLE,NO,"NO (no live sportsbook price exists for any NHL prop market yet, confirmed empirically 2026-08-30)",NO (requires market no-vig P),NO (requires real market price),NOT_STARTED (2026-27 season not begun),INSUFFICIENT_DATA: real sample too thin at this threshold,"PLAYER_POINTS_VALIDATION_REPORT.md + PLAYER_POINTS_REDESIGN_REPORT.md -- the empirical baseline beats every tested parametric candidate; it is USABLE as the champion probability source but is explicitly NOT a 'VALIDATED new model' -- Part 7's required distinction, preserved exactly."
PLAYER_GOALS_1PLUS,Player 1+ Goal (Anytime Goal Scorer),PLAYER_GOALS_SCORING,PLAYER_GOAL_GENERATION|PLAYER_ACTIVE_ROLE_TOI,P(player goals >= 1),VALIDATED,VALIDATED,AVAILABLE_USED,CURRENT_FRAMEWORK,IMPLEMENTED,SUPPORTED,False,False,True,False,False,ELIGIBLE_UNLESS_LOW_CONFIDENCE,YES,"NO (no live sportsbook price exists for any NHL prop market yet, confirmed empirically 2026-08-30)",NO (requires market no-vig P),NO (requires real market price),NOT_STARTED (2026-27 season not begun),"No live DraftKings price posted yet (preseason, confirmed empirically 2026-08-30)","PLAYER_GOALS_VALIDATION_REPORT.md. Canonical target for ANYTIME_GOAL and any future 'Goals Over 0.5' label -- Part 1/12's alias consolidation, reusing decision_policy.py's _MARKET_FAMILY_ALIASES mechanism directly."
PLAYER_GOALS_2PLUS,Player 2+ Goals,PLAYER_GOALS_SCORING,PLAYER_GOAL_GENERATION|PLAYER_ACTIVE_ROLE_TOI,P(player goals >= 2),INSUFFICIENT_DATA,INSUFFICIENT_DATA,AVAILABLE_USED,CURRENT_FRAMEWORK,IMPLEMENTED,UNKNOWN,False,False,True,False,False,NOT_YET_ELIGIBLE,NO,"NO (no live sportsbook price exists for any NHL prop market yet, confirmed empirically 2026-08-30)",NO (requires market no-vig P),NO (requires real market price),NOT_STARTED (2026-27 season not begun),INSUFFICIENT_DATA: real sample too thin at this threshold,Fails only the per-confidence-bucket support check (LOW bucket had 5 real 2+ events).
PLAYER_GOALS_3PLUS,Player 3+ Goals (Hat Trick),PLAYER_GOALS_SCORING,PLAYER_GOAL_GENERATION|PLAYER_ACTIVE_ROLE_TOI,P(player goals >= 3),INSUFFICIENT_DATA,INSUFFICIENT_DATA,AVAILABLE_USED,CURRENT_FRAMEWORK,IMPLEMENTED,UNKNOWN,False,False,True,False,False,NOT_YET_ELIGIBLE,NO,"NO (no live sportsbook price exists for any NHL prop market yet, confirmed empirically 2026-08-30)",NO (requires market no-vig P),NO (requires real market price),NOT_STARTED (2026-27 season not begun),INSUFFICIENT_DATA: real sample too thin at this threshold,"Real full-corpus 3+ goal rate is 0.20% (PLAYER_GOALS_VALIDATION_REPORT.md Section D) -- never realistically supportable at this corpus size. DEFER, do not force."
PLAYER_HITS_1PLUS,Player 1+ Hits,PLAYER_HITS,PLAYER_HIT_EVENT_GENERATION|PLAYER_ACTIVE_ROLE_TOI,P(player hits >= n),RESEARCH,NOT_BUILT,AVAILABLE_UNUSED,NOT_YET_ASSESSED,NOT_YET_BUILT,UNSUPPORTED_MARKET,False,False,True,False,False,NOT_YET_ELIGIBLE,NO,"NO (no live sportsbook price exists for any NHL prop market yet, confirmed empirically 2026-08-30)",NO (requires market no-vig P),NO (requires real market price),NOT_STARTED (2026-27 season not begun),"Research-stage only, not production-validated","MULTI_PROP_RESEARCH_REPORT.md: real data quality confirmed good (better volume/variance than blocks in some respects), but no Odds API market key documented -- modelability is real, live access is not (Part 14's distinction)."
PLAYER_HITS_2PLUS,Player 2+ Hits,PLAYER_HITS,PLAYER_HIT_EVENT_GENERATION|PLAYER_ACTIVE_ROLE_TOI,P(player hits >= n),RESEARCH,NOT_BUILT,AVAILABLE_UNUSED,NOT_YET_ASSESSED,NOT_YET_BUILT,UNSUPPORTED_MARKET,False,False,True,False,False,NOT_YET_ELIGIBLE,NO,"NO (no live sportsbook price exists for any NHL prop market yet, confirmed empirically 2026-08-30)",NO (requires market no-vig P),NO (requires real market price),NOT_STARTED (2026-27 season not begun),"Research-stage only, not production-validated","MULTI_PROP_RESEARCH_REPORT.md: real data quality confirmed good (better volume/variance than blocks in some respects), but no Odds API market key documented -- modelability is real, live access is not (Part 14's distinction)."
PLAYER_HITS_3PLUS,Player 3+ Hits,PLAYER_HITS,PLAYER_HIT_EVENT_GENERATION|PLAYER_ACTIVE_ROLE_TOI,P(player hits >= n),RESEARCH,NOT_BUILT,AVAILABLE_UNUSED,NOT_YET_ASSESSED,NOT_YET_BUILT,UNSUPPORTED_MARKET,False,False,True,False,False,NOT_YET_ELIGIBLE,NO,"NO (no live sportsbook price exists for any NHL prop market yet, confirmed empirically 2026-08-30)",NO (requires market no-vig P),NO (requires real market price),NOT_STARTED (2026-27 season not begun),"Research-stage only, not production-validated","MULTI_PROP_RESEARCH_REPORT.md: real data quality confirmed good (better volume/variance than blocks in some respects), but no Odds API market key documented -- modelability is real, live access is not (Part 14's distinction)."
PLAYER_HITS_4PLUS,Player 4+ Hits,PLAYER_HITS,PLAYER_HIT_EVENT_GENERATION|PLAYER_ACTIVE_ROLE_TOI,P(player hits >= n),RESEARCH,NOT_BUILT,AVAILABLE_UNUSED,NOT_YET_ASSESSED,NOT_YET_BUILT,UNSUPPORTED_MARKET,False,False,True,False,False,NOT_YET_ELIGIBLE,NO,"NO (no live sportsbook price exists for any NHL prop market yet, confirmed empirically 2026-08-30)",NO (requires market no-vig P),NO (requires real market price),NOT_STARTED (2026-27 season not begun),"Research-stage only, not production-validated","MULTI_PROP_RESEARCH_REPORT.md: real data quality confirmed good (better volume/variance than blocks in some respects), but no Odds API market key documented -- modelability is real, live access is not (Part 14's distinction)."
GOALIE_SAVES_20PLUS,Goalie 20+ Saves,GOALIE,GOALIE_WORKLOAD_SAVE_PROCESS|TEAM_SHOT_GENERATION,P(goalie saves >= n | starts),VALIDATED,VALIDATED,AVAILABLE_USED,CURRENT_FRAMEWORK,IMPLEMENTED,UNKNOWN,False,True,False,False,False,NOT_YET_ELIGIBLE,YES,"NO (no live sportsbook price exists for any NHL prop market yet, confirmed empirically 2026-08-30)",NO (requires market no-vig P),NO (requires real market price),NOT_STARTED (2026-27 season not begun),"No live DraftKings price posted yet (preseason, confirmed empirically 2026-08-30)","GOALIE_SAVES_VALIDATION_REPORT.md: winning model is a hybrid offset-GLM (opponent team SOG-rolling-rate x GOALIE->TEAM->LEAGUE hierarchically shrunk save%, as a fixed offset, plus a small contextual adjustment) -- beats the strongest PIT-safe baseline (opponent SOG-rolling-rate x league-average save%) on a genuinely mixed basis by threshold. 20+ VALIDATED: frac_improved=1.000 in both 2024-25 and 2025-26 (game- and date-clustered bootstrap). All numbers are CONDITIONAL_ON_ACTUAL_START -- the separately-audited projected-starter model is referenced for live pricing architecture but not re-fit or folded into these figures; ACTUAL_STARTER is never a pregame feature."
GOALIE_SAVES_25PLUS,Goalie 25+ Saves,GOALIE,GOALIE_WORKLOAD_SAVE_PROCESS|TEAM_SHOT_GENERATION,P(goalie saves >= n | starts),VALIDATED,VALIDATED,AVAILABLE_USED,CURRENT_FRAMEWORK,IMPLEMENTED,SUPPORTED,False,True,False,False,False,NOT_YET_ELIGIBLE,YES,"NO (no live sportsbook price exists for any NHL prop market yet, confirmed empirically 2026-08-30)",NO (requires market no-vig P),NO (requires real market price),NOT_STARTED (2026-27 season not begun),"No live DraftKings price posted yet (preseason, confirmed empirically 2026-08-30)","GOALIE_SAVES_VALIDATION_REPORT.md: winning model is a hybrid offset-GLM (opponent team SOG-rolling-rate x GOALIE->TEAM->LEAGUE hierarchically shrunk save%, as a fixed offset, plus a small contextual adjustment) -- beats the strongest PIT-safe baseline (opponent SOG-rolling-rate x league-average save%) on a genuinely mixed basis by threshold. 25+ VALIDATED: frac_improved=1.000 in both eval seasons. All numbers are CONDITIONAL_ON_ACTUAL_START -- the separately-audited projected-starter model is referenced for live pricing architecture but not re-fit or folded into these figures; ACTUAL_STARTER is never a pregame feature."
GOALIE_SAVES_30PLUS,Goalie 30+ Saves,GOALIE,GOALIE_WORKLOAD_SAVE_PROCESS|TEAM_SHOT_GENERATION,P(goalie saves >= n | starts),PARTIAL,PARTIAL_SEASON_INCONSISTENT,AVAILABLE_USED,CURRENT_FRAMEWORK,IMPLEMENTED,UNKNOWN,False,True,False,False,False,NOT_YET_ELIGIBLE,PARTIAL,"NO (no live sportsbook price exists for any NHL prop market yet, confirmed empirically 2026-08-30)",NO (requires market no-vig P),NO (requires real market price),NOT_STARTED (2026-27 season not begun),"Validated in some seasons/strata only, not consistently","GOALIE_SAVES_VALIDATION_REPORT.md: winning model is a hybrid offset-GLM (opponent team SOG-rolling-rate x GOALIE->TEAM->LEAGUE hierarchically shrunk save%, as a fixed offset, plus a small contextual adjustment) -- beats the strongest PIT-safe baseline (opponent SOG-rolling-rate x league-average save%) on a genuinely mixed basis by threshold. 30+ PARTIAL: frac_improved=0.988 in 2024-25 but only 0.535 in 2025-26 -- a real, disclosed season-inconsistent result, not claimed validated. All numbers are CONDITIONAL_ON_ACTUAL_START -- the separately-audited projected-starter model is referenced for live pricing architecture but not re-fit or folded into these figures; ACTUAL_STARTER is never a pregame feature."
GOALIE_SAVES_35PLUS,Goalie 35+ Saves,GOALIE,GOALIE_WORKLOAD_SAVE_PROCESS|TEAM_SHOT_GENERATION,P(goalie saves >= n | starts),REJECTED,REJECTED,AVAILABLE_USED,CURRENT_FRAMEWORK,IMPLEMENTED,UNKNOWN,False,True,False,False,False,NOT_YET_ELIGIBLE,NO,"NO (no live sportsbook price exists for any NHL prop market yet, confirmed empirically 2026-08-30)",NO (requires market no-vig P),NO (requires real market price),NOT_STARTED (2026-27 season not begun),Model/feature explicitly rejected after testing,"GOALIE_SAVES_VALIDATION_REPORT.md: winning model is a hybrid offset-GLM (opponent team SOG-rolling-rate x GOALIE->TEAM->LEAGUE hierarchically shrunk save%, as a fixed offset, plus a small contextual adjustment) -- beats the strongest PIT-safe baseline (opponent SOG-rolling-rate x league-average save%) on a genuinely mixed basis by threshold. 35+ REJECTED: frac_improved 0.02-0.41 in both eval seasons, with adequate positive support (178-196 events/season) to conclude a real negative, not just insufficient data. All numbers are CONDITIONAL_ON_ACTUAL_START -- the separately-audited projected-starter model is referenced for live pricing architecture but not re-fit or folded into these figures; ACTUAL_STARTER is never a pregame feature."
GOALIE_SAVES_40PLUS,Goalie 40+ Saves,GOALIE,GOALIE_WORKLOAD_SAVE_PROCESS|TEAM_SHOT_GENERATION,P(goalie saves >= n | starts),INSUFFICIENT_DATA,INSUFFICIENT_DATA,AVAILABLE_USED,CURRENT_FRAMEWORK,IMPLEMENTED,UNKNOWN,False,True,False,False,False,NOT_YET_ELIGIBLE,NO,"NO (no live sportsbook price exists for any NHL prop market yet, confirmed empirically 2026-08-30)",NO (requires market no-vig P),NO (requires real market price),NOT_STARTED (2026-27 season not begun),INSUFFICIENT_DATA: real sample too thin at this threshold,"GOALIE_SAVES_VALIDATION_REPORT.md: winning model is a hybrid offset-GLM (opponent team SOG-rolling-rate x GOALIE->TEAM->LEAGUE hierarchically shrunk save%, as a fixed offset, plus a small contextual adjustment) -- beats the strongest PIT-safe baseline (opponent SOG-rolling-rate x league-average save%) on a genuinely mixed basis by threshold. 40+ INSUFFICIENT_DATA: only 39-48 positive events/season, below this slice's pre-specified 50-event support floor (Part 24). All numbers are CONDITIONAL_ON_ACTUAL_START -- the separately-audited projected-starter model is referenced for live pricing architecture but not re-fit or folded into these figures; ACTUAL_STARTER is never a pregame feature."
GOALIE_GOALS_ALLOWED_OU,Goalie Goals Allowed O/U,GOALIE,GOALIE_WORKLOAD_SAVE_PROCESS|TEAM_SHOT_GENERATION,goalie goals allowed distribution | starts,RESEARCH,NOT_BUILT,AVAILABLE_UNUSED,NOT_YET_ASSESSED,NOT_YET_BUILT,UNKNOWN,False,True,False,False,False,NOT_YET_ELIGIBLE,NO,"NO (no live sportsbook price exists for any NHL prop market yet, confirmed empirically 2026-08-30)",NO (requires market no-vig P),NO (requires real market price),NOT_STARTED (2026-27 season not begun),"Research-stage only, not production-validated",Same GOALIE_WORKLOAD_SAVE_PROCESS as saves; not built.
GOALIE_SHUTOUT,Goalie Shutout,GOALIE,GOALIE_WORKLOAD_SAVE_PROCESS|TEAM_GOAL_GENERATION,P(opponent goals == 0 | goalie plays full game),RESEARCH,NOT_BUILT,AVAILABLE_UNUSED,NOT_YET_ASSESSED,NOT_YET_BUILT,UNKNOWN,False,True,False,False,True,NOT_YET_ELIGIBLE,NO,"NO (no live sportsbook price exists for any NHL prop market yet, confirmed empirically 2026-08-30)",NO (requires market no-vig P),NO (requires real market price),NOT_STARTED (2026-27 season not begun),"Research-stage only, not production-validated","Requires a coherent opponent-team-goals distribution, not just a saves count."
GOALIE_WIN,Goalie to Record Win,GOALIE,GOALIE_WORKLOAD_SAVE_PROCESS|GAME_SCORE_STATE,"P(goalie's team wins | goalie starts, NHL win-credit rules)",RESEARCH,NOT_BUILT,AVAILABLE_USED,NOT_YET_ASSESSED,NOT_YET_BUILT,UNKNOWN,False,True,False,False,False,NOT_YET_ELIGIBLE,NO,"NO (no live sportsbook price exists for any NHL prop market yet, confirmed empirically 2026-08-30)",NO (requires market no-vig P),NO (requires real market price),NOT_STARTED (2026-27 season not begun),"Research-stage only, not production-validated","The production NHL win model already estimates team win probability -- this market needs only P(starter) x P(team win), not a new marginal model. Highest-leverage 'cheap' goalie market."
TEAM_SOG_TOTAL,Team Total SOG,TEAM,TEAM_SHOT_GENERATION,team SOG distribution,VALIDATED,VALIDATED_20PLUS_25PLUS_30PLUS_35PLUS_NOT_40PLUS,AVAILABLE_USED,CURRENT_FRAMEWORK,IMPLEMENTED,UNKNOWN,False,False,False,False,False,NOT_YET_ELIGIBLE,YES,"NO (no live sportsbook price exists for any NHL prop market yet, confirmed empirically 2026-08-30)",NO (requires market no-vig P),NO (requires real market price),NOT_STARTED (2026-27 season not begun),"No live DraftKings price posted yet (preseason, confirmed empirically 2026-08-30)","TEAM_SOG_VALIDATION_REPORT.md: direct Poisson GLM (7 features: log-baseline team SOG, recent-form, home/away, log-opponent-SOG-allowed-factor, H2H shrunk delta, back-to-back indicator) beats the strongest PIT-safe baseline (plain rolling team SOG/game) with bootstrap frac_improved >= 0.95 (game- and date-clustered) at 20+/25+/30+/35+ in BOTH eval seasons. 40+ is season-inconsistent (2024-25: 0.999; 2025-26: 0.693) despite adequate support (122-134 positive events/season) -- a real PARTIAL result at that one extreme tail threshold. Offense/defense multiplicative decomposition and player-SOG roster aggregation were BOTH tested and underperformed the simple direct GLM (aggregation scored ~22% worse, consistent with the Goalie Saves slice's finding that this architecture underperforms direct team-level modeling -- re-confirmed here, not assumed). Poisson vs Negative Binomial: alpha=0.0097, near-zero, Poisson adequate; a Normal/Gaussian approximation was also tested and found materially indistinguishable from Poisson (not adopted, no material improvement). Real reconciliation: 99.58% exact match against the independently-built Player SOG corpus's team-game sums; 83.3% exact match against opposing-goalie shots-faced (the residual is always explained by empty-net shots, which correctly do not count as a goalie's shots faced)."
PLAYER_FIRST_GOAL_SCORER,Player First Goal Scorer,PLAYER_GOALS_SCORING,PLAYER_GOAL_GENERATION|PERIOD_EVENT_TIMING|JOINT_DEPENDENCE_SIMULATION,Player First Goal Scorer,NOT_BUILT,NOT_BUILT,AVAILABLE_UNUSED,NOT_YET_ASSESSED,NOT_YET_BUILT,UNKNOWN,False,False,False,True,True,NOT_YET_ELIGIBLE,NO,"NO (no live sportsbook price exists for any NHL prop market yet, confirmed empirically 2026-08-30)",NO (requires market no-vig P),NO (requires real market price),NOT_STARTED (2026-27 season not begun),No marginal model built,"Competing-risk/hazard problem across all 12+ skaters on ice -- explicitly NOT P(goals>=1). Registry already carries this distinction (FIRST_GOAL entry, RESEARCH)."
PLAYER_LAST_GOAL_SCORER,Player Last Goal Scorer,PLAYER_GOALS_SCORING,PLAYER_GOAL_GENERATION|PERIOD_EVENT_TIMING|JOINT_DEPENDENCE_SIMULATION,Player Last Goal Scorer,NOT_BUILT,NOT_BUILT,AVAILABLE_UNUSED,NOT_YET_ASSESSED,NOT_YET_BUILT,UNKNOWN,False,False,False,True,True,NOT_YET_ELIGIBLE,NO,"NO (no live sportsbook price exists for any NHL prop market yet, confirmed empirically 2026-08-30)",NO (requires market no-vig P),NO (requires real market price),NOT_STARTED (2026-27 season not begun),No marginal model built,Symmetric to first-goal-scorer; also requires full event ordering.
TEAM_FIRST_GOAL_SCORER,Team First Goal Scorer,PLAYER_GOALS_SCORING,PLAYER_GOAL_GENERATION|PERIOD_EVENT_TIMING,Team First Goal Scorer,NOT_BUILT,NOT_BUILT,AVAILABLE_UNUSED,NOT_YET_ASSESSED,NOT_YET_BUILT,UNKNOWN,False,False,False,True,False,NOT_YET_ELIGIBLE,NO,"NO (no live sportsbook price exists for any NHL prop market yet, confirmed empirically 2026-08-30)",NO (requires market no-vig P),NO (requires real market price),NOT_STARTED (2026-27 season not begun),No marginal model built,Conditional on which TEAM scores first (a team-level event-time question) then WHICH player on that team.
PLAYER_GOAL_PERIOD_1,Player Goal in Period 1,PLAYER_GOALS_SCORING,PLAYER_GOAL_GENERATION|PERIOD_EVENT_TIMING,Player Goal in Period 1,NOT_BUILT,NOT_BUILT,AVAILABLE_UNUSED,NOT_YET_ASSESSED,NOT_YET_BUILT,UNKNOWN,False,False,False,True,False,NOT_YET_ELIGIBLE,NO,"NO (no live sportsbook price exists for any NHL prop market yet, confirmed empirically 2026-08-30)",NO (requires market no-vig P),NO (requires real market price),NOT_STARTED (2026-27 season not begun),No marginal model built,"A crude period-share heuristic (assume goals split proportionally to period length) is mechanically possible without PBP, but would ignore real third-period/empty-net effects -- not built, not recommended as a first version."
PLAYER_GOAL_PERIOD_2,Player Goal in Period 2,PLAYER_GOALS_SCORING,PLAYER_GOAL_GENERATION|PERIOD_EVENT_TIMING,Player Goal in Period 2,NOT_BUILT,NOT_BUILT,AVAILABLE_UNUSED,NOT_YET_ASSESSED,NOT_YET_BUILT,UNKNOWN,False,False,False,True,False,NOT_YET_ELIGIBLE,NO,"NO (no live sportsbook price exists for any NHL prop market yet, confirmed empirically 2026-08-30)",NO (requires market no-vig P),NO (requires real market price),NOT_STARTED (2026-27 season not begun),No marginal model built,"A crude period-share heuristic (assume goals split proportionally to period length) is mechanically possible without PBP, but would ignore real third-period/empty-net effects -- not built, not recommended as a first version."
PLAYER_GOAL_PERIOD_3,Player Goal in Period 3,PLAYER_GOALS_SCORING,PLAYER_GOAL_GENERATION|PERIOD_EVENT_TIMING,Player Goal in Period 3,NOT_BUILT,NOT_BUILT,AVAILABLE_UNUSED,NOT_YET_ASSESSED,NOT_YET_BUILT,UNKNOWN,False,False,False,True,False,NOT_YET_ELIGIBLE,NO,"NO (no live sportsbook price exists for any NHL prop market yet, confirmed empirically 2026-08-30)",NO (requires market no-vig P),NO (requires real market price),NOT_STARTED (2026-27 season not begun),No marginal model built,"A crude period-share heuristic (assume goals split proportionally to period length) is mechanically possible without PBP, but would ignore real third-period/empty-net effects -- not built, not recommended as a first version."
PLAYER_PP_GOAL,Player Power-Play Goal,PLAYER_GOALS_SCORING,PLAYER_GOAL_GENERATION|SPECIAL_TEAMS_STATE,Player Power-Play Goal,NOT_BUILT,NOT_BUILT,AVAILABLE_UNUSED,NOT_YET_ASSESSED,NOT_YET_BUILT,UNKNOWN,False,False,True,False,False,NOT_YET_ELIGIBLE,NO,"NO (no live sportsbook price exists for any NHL prop market yet, confirmed empirically 2026-08-30)",NO (requires market no-vig P),NO (requires real market price),NOT_STARTED (2026-27 season not begun),No marginal model built,pp.goals is ALREADY captured in the Goals/Points/Assists corpora (situation='5on4') -- never turned into its own PP-goal count-distribution target. One of the lowest-effort not-yet-built markets given existing data.
PLAYER_SH_GOAL,Player Short-Handed Goal,PLAYER_GOALS_SCORING,PLAYER_GOAL_GENERATION|SPECIAL_TEAMS_STATE,Player Short-Handed Goal,NOT_BUILT,NOT_BUILT,REQUIRES_NEW_EXTRACTION,NOT_YET_ASSESSED,NOT_YET_BUILT,UNKNOWN,False,False,True,False,False,NOT_YET_ELIGIBLE,NO,"NO (no live sportsbook price exists for any NHL prop market yet, confirmed empirically 2026-08-30)",NO (requires market no-vig P),NO (requires real market price),NOT_STARTED (2026-27 season not begun),No marginal model built,"Raw 'situation=4on5' rows exist in the same already-downloaded MoneyPuck files, but were only ever parsed for the BLOCKING side (research/player_blocks' 'pk' block) -- a forward's own SH-goal extraction from the same rows was never built."
GAME_WINNING_GOAL,Player Game-Winning Goal,PLAYER_GOALS_SCORING,PLAYER_GOAL_GENERATION|GAME_SCORE_STATE|PERIOD_EVENT_TIMING,Player Game-Winning Goal,NOT_BUILT,NOT_BUILT,READY,NOT_YET_ASSESSED,NOT_YET_BUILT,UNKNOWN,False,False,False,True,True,NOT_YET_ELIGIBLE,NO,"NO (no live sportsbook price exists for any NHL prop market yet, confirmed empirically 2026-08-30)",NO (requires market no-vig P),NO (requires real market price),NOT_STARTED (2026-27 season not begun),No marginal model built,"Event-Timing Utility Closure slice: the RETROSPECTIVE ground-truth GWG is now deterministically derivable for every non-shootout historical game -- research/real_nhl_pbp/gwg.py, corpus-validated with 0 invariant violations across all 4,875 non-SO games in the 4-season corpus (see EVENT_TIMING_UTILITY_CLOSURE_REPORT.md). historical_data_status reflects that ground-truth availability only -- requires_joint_simulation stays True because PREDICTING (pre-game) who will score a future GWG is a different, still-unbuilt question from reconstructing what the GWG WAS in a completed game; model_status remains NOT_BUILT (Part 23's explicit instruction -- no predictive model exists)."
PLAYER_GOAL_AND_TEAM_WIN,Player Goal + Team Win,PLAYER_GOALS_SCORING,PLAYER_GOAL_GENERATION|GAME_SCORE_STATE,Player Goal + Team Win,NOT_BUILT,NOT_BUILT,AVAILABLE_USED,NOT_YET_ASSESSED,NOT_YET_BUILT,UNKNOWN,False,False,True,False,True,NOT_YET_ELIGIBLE,NO,"NO (no live sportsbook price exists for any NHL prop market yet, confirmed empirically 2026-08-30)",NO (requires market no-vig P),NO (requires real market price),NOT_STARTED (2026-27 season not begun),No marginal model built,Structural dependence (Part 27) -- a player scoring correlates with their team's win probability; must not be priced as P(goal)xP(win).
MULTIPLE_PLAYERS_BOTH_SCORE,Two Named Players Both to Score,PLAYER_GOALS_SCORING,PLAYER_GOAL_GENERATION|JOINT_DEPENDENCE_SIMULATION,Two Named Players Both to Score,NOT_BUILT,NOT_BUILT,AVAILABLE_USED,NOT_YET_ASSESSED,NOT_YET_BUILT,UNKNOWN,False,False,True,False,True,NOT_YET_ELIGIBLE,NO,"NO (no live sportsbook price exists for any NHL prop market yet, confirmed empirically 2026-08-30)",NO (requires market no-vig P),NO (requires real market price),NOT_STARTED (2026-27 season not begun),No marginal model built,Cross-player joint dependence -- teammates share the same game-level scoring environment.
PLAYER_PP_POINT,Player Power-Play Point,PLAYER_SPECIAL_TEAMS,SPECIAL_TEAMS_STATE|GOAL_ASSIST_POINT_ATTRIBUTION,Player Power-Play Point,NOT_BUILT,NOT_BUILT,AVAILABLE_UNUSED,NOT_YET_ASSESSED,NOT_YET_BUILT,UNKNOWN,False,False,True,False,False,NOT_YET_ELIGIBLE,NO,"NO (no live sportsbook price exists for any NHL prop market yet, confirmed empirically 2026-08-30)",NO (requires market no-vig P),NO (requires real market price),NOT_STARTED (2026-27 season not begun),No marginal model built,pp block already captures points/goals/assists; never modeled as its own target.
PLAYER_SH_POINT,Player Short-Handed Point,PLAYER_SPECIAL_TEAMS,SPECIAL_TEAMS_STATE|GOAL_ASSIST_POINT_ATTRIBUTION,Player Short-Handed Point,NOT_BUILT,NOT_BUILT,REQUIRES_NEW_EXTRACTION,NOT_YET_ASSESSED,NOT_YET_BUILT,UNKNOWN,False,False,True,False,False,NOT_YET_ELIGIBLE,NO,"NO (no live sportsbook price exists for any NHL prop market yet, confirmed empirically 2026-08-30)",NO (requires market no-vig P),NO (requires real market price),NOT_STARTED (2026-27 season not begun),No marginal model built,
PLAYER_PIM_OU,Player Penalty Minutes O/U,PLAYER_PENALTIES,PENALTY_PROCESS,Player Penalty Minutes O/U,NOT_BUILT,NOT_BUILT,AVAILABLE_UNUSED,NOT_YET_ASSESSED,NOT_YET_BUILT,UNKNOWN,False,False,True,False,False,NOT_YET_ELIGIBLE,NO,"NO (no live sportsbook price exists for any NHL prop market yet, confirmed empirically 2026-08-30)",NO (requires market no-vig P),NO (requires real market price),NOT_STARTED (2026-27 season not begun),No marginal model built,I_F_penalityMinutes / penalties fields confirmed present in the raw MoneyPuck CSV since the very first data audit this session -- never used as a modeling target.
PLAYER_TO_RECEIVE_PENALTY,Player to Receive a Penalty,PLAYER_PENALTIES,PENALTY_PROCESS,Player to Receive a Penalty,NOT_BUILT,NOT_BUILT,AVAILABLE_UNUSED,NOT_YET_ASSESSED,NOT_YET_BUILT,UNKNOWN,False,False,True,False,False,NOT_YET_ELIGIBLE,NO,"NO (no live sportsbook price exists for any NHL prop market yet, confirmed empirically 2026-08-30)",NO (requires market no-vig P),NO (requires real market price),NOT_STARTED (2026-27 season not begun),No marginal model built,
PLAYER_FACEOFF_WINS_OU,Player Faceoff Wins O/U,PLAYER_FACEOFFS,FACEOFF_PROCESS,Player Faceoff Wins O/U,NOT_BUILT,NOT_BUILT,AVAILABLE_UNUSED,NOT_YET_ASSESSED,NOT_YET_BUILT,UNKNOWN,False,False,True,False,False,NOT_YET_ELIGIBLE,NO,"NO (no live sportsbook price exists for any NHL prop market yet, confirmed empirically 2026-08-30)",NO (requires market no-vig P),NO (requires real market price),NOT_STARTED (2026-27 season not begun),No marginal model built,"I_F_faceOffsWon / faceoffsWon / faceoffsLost confirmed present in the same raw CSVs, unused."
PLAYER_FACEOFFS_TAKEN_OU,Player Faceoffs Taken O/U,PLAYER_FACEOFFS,FACEOFF_PROCESS,Player Faceoffs Taken O/U,NOT_BUILT,NOT_BUILT,AVAILABLE_UNUSED,NOT_YET_ASSESSED,NOT_YET_BUILT,UNKNOWN,False,False,True,False,False,NOT_YET_ELIGIBLE,NO,"NO (no live sportsbook price exists for any NHL prop market yet, confirmed empirically 2026-08-30)",NO (requires market no-vig P),NO (requires real market price),NOT_STARTED (2026-27 season not begun),No marginal model built,
PLAYER_FACEOFF_PCT,Player Faceoff Percentage,PLAYER_FACEOFFS,FACEOFF_PROCESS,Player Faceoff Percentage,NOT_BUILT,NOT_BUILT,AVAILABLE_UNUSED,NOT_YET_ASSESSED,NOT_YET_BUILT,UNKNOWN,False,False,True,False,False,NOT_YET_ELIGIBLE,NO,"NO (no live sportsbook price exists for any NHL prop market yet, confirmed empirically 2026-08-30)",NO (requires market no-vig P),NO (requires real market price),NOT_STARTED (2026-27 season not begun),No marginal model built,
PLAYER_TOI_OU,Player Time on Ice O/U,PLAYER_USAGE_OTHER,PLAYER_ACTIVE_ROLE_TOI,Player Time on Ice O/U,NOT_BUILT,NOT_BUILT,AVAILABLE_USED,NOT_YET_ASSESSED,NOT_YET_BUILT,UNKNOWN,False,False,True,False,False,NOT_YET_ELIGIBLE,NO,"NO (no live sportsbook price exists for any NHL prop market yet, confirmed empirically 2026-08-30)",NO (requires market no-vig P),NO (requires real market price),NOT_STARTED (2026-27 season not begun),No marginal model built,icetime_seconds is the single most heavily-used PIT-safe feature in this entire project -- but was never itself fit as a standalone continuous-outcome sportsbook target.
PLAYER_PLUS_MINUS,Player Plus/Minus,PLAYER_USAGE_OTHER,TEAM_GOAL_GENERATION|JOINT_DEPENDENCE_SIMULATION,player plus/minus,REJECTED,NOT_BUILT,AVAILABLE_UNUSED,NOT_YET_ASSESSED,NOT_YET_BUILT,UNSUPPORTED_MARKET,False,False,False,True,True,NOT_ELIGIBLE,NO,"NO (no live sportsbook price exists for any NHL prop market yet, confirmed empirically 2026-08-30)",NO (requires market no-vig P),NO (requires real market price),NOT_STARTED (2026-27 season not begun),Model/feature explicitly rejected after testing,"Verdict carried forward unchanged from MULTI_PROP_RESEARCH_REPORT.md: no documented Odds API market key; depends on teammates/opponents/goalie/empty-net state. DEFER, do not re-litigate."
TEAM_GOALS_0PLUS,Team Total Goals,TEAM,TEAM_GOAL_GENERATION,Team Total Goals,NOT_BUILT,NOT_BUILT,AVAILABLE_UNUSED_AS_STANDALONE_TARGET,NOT_YET_ASSESSED,NOT_YET_BUILT,UNKNOWN,False,False,True,False,False,NOT_YET_ELIGIBLE,NO,"NO (no live sportsbook price exists for any NHL prop market yet, confirmed empirically 2026-08-30)",NO (requires market no-vig P),NO (requires real market price),NOT_STARTED (2026-27 season not begun),No marginal model built,Team-level goal aggregates are already computed as CONTEXT features for every player prop this session -- never fit as their own coherent count distribution.
TEAM_GOALS_2PLUS,Team 2+ Goals,TEAM,TEAM_GOAL_GENERATION,Team 2+ Goals,NOT_BUILT,NOT_BUILT,AVAILABLE_UNUSED_AS_STANDALONE_TARGET,NOT_YET_ASSESSED,NOT_YET_BUILT,UNKNOWN,False,False,True,False,False,NOT_YET_ELIGIBLE,NO,"NO (no live sportsbook price exists for any NHL prop market yet, confirmed empirically 2026-08-30)",NO (requires market no-vig P),NO (requires real market price),NOT_STARTED (2026-27 season not begun),No marginal model built,Team-level goal aggregates are already computed as CONTEXT features for every player prop this session -- never fit as their own coherent count distribution.
TEAM_GOALS_3PLUS,Team 3+ Goals,TEAM,TEAM_GOAL_GENERATION,Team 3+ Goals,NOT_BUILT,NOT_BUILT,AVAILABLE_UNUSED_AS_STANDALONE_TARGET,NOT_YET_ASSESSED,NOT_YET_BUILT,UNKNOWN,False,False,True,False,False,NOT_YET_ELIGIBLE,NO,"NO (no live sportsbook price exists for any NHL prop market yet, confirmed empirically 2026-08-30)",NO (requires market no-vig P),NO (requires real market price),NOT_STARTED (2026-27 season not begun),No marginal model built,Team-level goal aggregates are already computed as CONTEXT features for every player prop this session -- never fit as their own coherent count distribution.
TEAM_GOALS_4PLUS,Team 4+ Goals,TEAM,TEAM_GOAL_GENERATION,Team 4+ Goals,NOT_BUILT,NOT_BUILT,AVAILABLE_UNUSED_AS_STANDALONE_TARGET,NOT_YET_ASSESSED,NOT_YET_BUILT,UNKNOWN,False,False,True,False,False,NOT_YET_ELIGIBLE,NO,"NO (no live sportsbook price exists for any NHL prop market yet, confirmed empirically 2026-08-30)",NO (requires market no-vig P),NO (requires real market price),NOT_STARTED (2026-27 season not begun),No marginal model built,Team-level goal aggregates are already computed as CONTEXT features for every player prop this session -- never fit as their own coherent count distribution.
TEAM_GOALS_5PLUS,Team 5+ Goals,TEAM,TEAM_GOAL_GENERATION,Team 5+ Goals,NOT_BUILT,NOT_BUILT,AVAILABLE_UNUSED_AS_STANDALONE_TARGET,NOT_YET_ASSESSED,NOT_YET_BUILT,UNKNOWN,False,False,True,False,False,NOT_YET_ELIGIBLE,NO,"NO (no live sportsbook price exists for any NHL prop market yet, confirmed empirically 2026-08-30)",NO (requires market no-vig P),NO (requires real market price),NOT_STARTED (2026-27 season not begun),No marginal model built,Team-level goal aggregates are already computed as CONTEXT features for every player prop this session -- never fit as their own coherent count distribution.
TEAM_TO_SCORE_FIRST,Team to Score First,GAME_OUTCOME,TEAM_GOAL_GENERATION|PERIOD_EVENT_TIMING,Team to Score First,NOT_BUILT,NOT_BUILT,AVAILABLE_UNUSED,NOT_YET_ASSESSED,NOT_YET_BUILT,UNKNOWN,False,False,False,True,False,NOT_YET_ELIGIBLE,NO,"NO (no live sportsbook price exists for any NHL prop market yet, confirmed empirically 2026-08-30)",NO (requires market no-vig P),NO (requires real market price),NOT_STARTED (2026-27 season not begun),No marginal model built,
TEAM_TO_SCORE_LAST,Team to Score Last,GAME_OUTCOME,TEAM_GOAL_GENERATION|PERIOD_EVENT_TIMING,Team to Score Last,NOT_BUILT,NOT_BUILT,AVAILABLE_UNUSED,NOT_YET_ASSESSED,NOT_YET_BUILT,UNKNOWN,False,False,False,True,False,NOT_YET_ELIGIBLE,NO,"NO (no live sportsbook price exists for any NHL prop market yet, confirmed empirically 2026-08-30)",NO (requires market no-vig P),NO (requires real market price),NOT_STARTED (2026-27 season not begun),No marginal model built,
TEAM_PERIOD_1_TOTAL,Team Period 1 Total Goals,TEAM,TEAM_GOAL_GENERATION|PERIOD_EVENT_TIMING,Team Period 1 Total Goals,RESEARCH,ATTEMPTED_NOT_VALIDATED,AVAILABLE_USED,CURRENT_FRAMEWORK,IMPLEMENTED,UNKNOWN,False,False,False,True,False,NOT_YET_ELIGIBLE,NO,"NO (no live sportsbook price exists for any NHL prop market yet, confirmed empirically 2026-08-30)",NO (requires market no-vig P),NO (requires real market price),NOT_STARTED (2026-27 season not begun),"Research-stage only, not production-validated","TEAM_GOALS_BY_PERIOD_VALIDATION_REPORT.md: a real model (upstream full-game team-goal expectation x league-average period share + small offset-GLM adjustment, and a separate direct Poisson/NB GLM) was built and evaluated under strict walk-forward discipline. NEITHER beat the strongest PIT-safe baseline (full-game expectation x league-average share) with bootstrap evidence clearing this project's usual bar at any period/threshold, in both eval seasons simultaneously -- point-estimate differences were real but tiny (~0.0002-0.0007 mean Brier) and did not survive game- or date-clustered bootstrap scrutiny consistently. A real add-on test of MoneyPuck xG context (Part 8) made period-1 performance WORSE in the 2024-25 eval season (frac_improved 0.003) and did not clear the bar in 2025-26 either -- disclosed, not silently dropped. Real, disclosed home/away goal dependence exists and GROWS by period (raw correlation ~0 in P1, ~-0.05 to -0.07 in P2, ~-0.08 to -0.14 in P3) and is NOT explained away by the model (residual correlation nearly identical to raw) -- independence should not be assumed for future BTTS/correct-score pricing, especially in P3."
TEAM_PERIOD_2_TOTAL,Team Period 2 Total Goals,TEAM,TEAM_GOAL_GENERATION|PERIOD_EVENT_TIMING,Team Period 2 Total Goals,RESEARCH,ATTEMPTED_NOT_VALIDATED,AVAILABLE_USED,CURRENT_FRAMEWORK,IMPLEMENTED,UNKNOWN,False,False,False,True,False,NOT_YET_ELIGIBLE,NO,"NO (no live sportsbook price exists for any NHL prop market yet, confirmed empirically 2026-08-30)",NO (requires market no-vig P),NO (requires real market price),NOT_STARTED (2026-27 season not begun),"Research-stage only, not production-validated","TEAM_GOALS_BY_PERIOD_VALIDATION_REPORT.md: a real model (upstream full-game team-goal expectation x league-average period share + small offset-GLM adjustment, and a separate direct Poisson/NB GLM) was built and evaluated under strict walk-forward discipline. NEITHER beat the strongest PIT-safe baseline (full-game expectation x league-average share) with bootstrap evidence clearing this project's usual bar at any period/threshold, in both eval seasons simultaneously -- point-estimate differences were real but tiny (~0.0002-0.0007 mean Brier) and did not survive game- or date-clustered bootstrap scrutiny consistently. A real add-on test of MoneyPuck xG context (Part 8) made period-1 performance WORSE in the 2024-25 eval season (frac_improved 0.003) and did not clear the bar in 2025-26 either -- disclosed, not silently dropped. Real, disclosed home/away goal dependence exists and GROWS by period (raw correlation ~0 in P1, ~-0.05 to -0.07 in P2, ~-0.08 to -0.14 in P3) and is NOT explained away by the model (residual correlation nearly identical to raw) -- independence should not be assumed for future BTTS/correct-score pricing, especially in P3."
TEAM_PERIOD_3_TOTAL,Team Period 3 Total Goals,TEAM,TEAM_GOAL_GENERATION|PERIOD_EVENT_TIMING,Team Period 3 Total Goals,RESEARCH,ATTEMPTED_NOT_VALIDATED,AVAILABLE_USED,CURRENT_FRAMEWORK,IMPLEMENTED,UNKNOWN,False,False,False,True,False,NOT_YET_ELIGIBLE,NO,"NO (no live sportsbook price exists for any NHL prop market yet, confirmed empirically 2026-08-30)",NO (requires market no-vig P),NO (requires real market price),NOT_STARTED (2026-27 season not begun),"Research-stage only, not production-validated","TEAM_GOALS_BY_PERIOD_VALIDATION_REPORT.md: a real model (upstream full-game team-goal expectation x league-average period share + small offset-GLM adjustment, and a separate direct Poisson/NB GLM) was built and evaluated under strict walk-forward discipline. NEITHER beat the strongest PIT-safe baseline (full-game expectation x league-average share) with bootstrap evidence clearing this project's usual bar at any period/threshold, in both eval seasons simultaneously -- point-estimate differences were real but tiny (~0.0002-0.0007 mean Brier) and did not survive game- or date-clustered bootstrap scrutiny consistently. A real add-on test of MoneyPuck xG context (Part 8) made period-1 performance WORSE in the 2024-25 eval season (frac_improved 0.003) and did not clear the bar in 2025-26 either -- disclosed, not silently dropped. Real, disclosed home/away goal dependence exists and GROWS by period (raw correlation ~0 in P1, ~-0.05 to -0.07 in P2, ~-0.08 to -0.14 in P3) and is NOT explained away by the model (residual correlation nearly identical to raw) -- independence should not be assumed for future BTTS/correct-score pricing, especially in P3."
TEAM_SCORE_IN_PERIOD_1,Team to Score in 1st Period,GAME_OUTCOME,TEAM_GOAL_GENERATION|PERIOD_EVENT_TIMING,Team to Score in 1st Period,RESEARCH,ATTEMPTED_NOT_VALIDATED,AVAILABLE_USED,CURRENT_FRAMEWORK,IMPLEMENTED,UNKNOWN,False,False,False,True,False,NOT_YET_ELIGIBLE,NO,"NO (no live sportsbook price exists for any NHL prop market yet, confirmed empirically 2026-08-30)",NO (requires market no-vig P),NO (requires real market price),NOT_STARTED (2026-27 season not begun),"Research-stage only, not production-validated","TEAM_GOALS_BY_PERIOD_VALIDATION_REPORT.md: a real model (upstream full-game team-goal expectation x league-average period share + small offset-GLM adjustment, and a separate direct Poisson/NB GLM) was built and evaluated under strict walk-forward discipline. NEITHER beat the strongest PIT-safe baseline (full-game expectation x league-average share) with bootstrap evidence clearing this project's usual bar at any period/threshold, in both eval seasons simultaneously -- point-estimate differences were real but tiny (~0.0002-0.0007 mean Brier) and did not survive game- or date-clustered bootstrap scrutiny consistently. A real add-on test of MoneyPuck xG context (Part 8) made period-1 performance WORSE in the 2024-25 eval season (frac_improved 0.003) and did not clear the bar in 2025-26 either -- disclosed, not silently dropped. Real, disclosed home/away goal dependence exists and GROWS by period (raw correlation ~0 in P1, ~-0.05 to -0.07 in P2, ~-0.08 to -0.14 in P3) and is NOT explained away by the model (residual correlation nearly identical to raw) -- independence should not be assumed for future BTTS/correct-score pricing, especially in P3."
TEAM_SCORE_EVERY_PERIOD,Team to Score Every Period,GAME_OUTCOME,TEAM_GOAL_GENERATION|PERIOD_EVENT_TIMING,Team to Score Every Period,NOT_BUILT,NOT_BUILT,AVAILABLE_UNUSED,NOT_YET_ASSESSED,NOT_YET_BUILT,UNKNOWN,False,False,False,True,False,NOT_YET_ELIGIBLE,NO,"NO (no live sportsbook price exists for any NHL prop market yet, confirmed empirically 2026-08-30)",NO (requires market no-vig P),NO (requires real market price),NOT_STARTED (2026-27 season not begun),No marginal model built,
TEAM_WIN_EVERY_PERIOD,Team to Win Every Period,GAME_OUTCOME,TEAM_GOAL_GENERATION|PERIOD_EVENT_TIMING,Team to Win Every Period,NOT_BUILT,NOT_BUILT,AVAILABLE_UNUSED,NOT_YET_ASSESSED,NOT_YET_BUILT,UNKNOWN,False,False,False,True,False,NOT_YET_ELIGIBLE,NO,"NO (no live sportsbook price exists for any NHL prop market yet, confirmed empirically 2026-08-30)",NO (requires market no-vig P),NO (requires real market price),NOT_STARTED (2026-27 season not begun),No marginal model built,
TEAM_HIGHEST_SCORING_PERIOD,Team Highest-Scoring Period,GAME_OUTCOME,TEAM_GOAL_GENERATION|PERIOD_EVENT_TIMING,Team Highest-Scoring Period,NOT_BUILT,NOT_BUILT,AVAILABLE_UNUSED,NOT_YET_ASSESSED,NOT_YET_BUILT,UNKNOWN,False,False,False,True,False,NOT_YET_ELIGIBLE,NO,"NO (no live sportsbook price exists for any NHL prop market yet, confirmed empirically 2026-08-30)",NO (requires market no-vig P),NO (requires real market price),NOT_STARTED (2026-27 season not begun),No marginal model built,
TEAM_SHUTOUT,Team Clean Sheet / Shutout,TEAM,TEAM_GOAL_GENERATION,Team Clean Sheet / Shutout,NOT_BUILT,NOT_BUILT,AVAILABLE_UNUSED_AS_STANDALONE_TARGET,NOT_YET_ASSESSED,NOT_YET_BUILT,UNKNOWN,False,False,True,False,True,NOT_YET_ELIGIBLE,NO,"NO (no live sportsbook price exists for any NHL prop market yet, confirmed empirically 2026-08-30)",NO (requires market no-vig P),NO (requires real market price),NOT_STARTED (2026-27 season not begun),No marginal model built,
TEAM_PP_GOAL_ANYTIME,Team to Score a PP Goal,TEAM,SPECIAL_TEAMS_STATE|TEAM_GOAL_GENERATION,Team to Score a PP Goal,NOT_BUILT,NOT_BUILT,AVAILABLE_UNUSED,NOT_YET_ASSESSED,NOT_YET_BUILT,UNKNOWN,False,False,True,False,False,NOT_YET_ELIGIBLE,NO,"NO (no live sportsbook price exists for any NHL prop market yet, confirmed empirically 2026-08-30)",NO (requires market no-vig P),NO (requires real market price),NOT_STARTED (2026-27 season not begun),No marginal model built,Directly summable from the already-captured player-level pp.goals blocks across a team's own roster.
TEAM_PP_GOALS_TOTAL,Team Total PP Goals,TEAM,SPECIAL_TEAMS_STATE|TEAM_GOAL_GENERATION,Team Total PP Goals,NOT_BUILT,NOT_BUILT,AVAILABLE_UNUSED,NOT_YET_ASSESSED,NOT_YET_BUILT,UNKNOWN,False,False,True,False,False,NOT_YET_ELIGIBLE,NO,"NO (no live sportsbook price exists for any NHL prop market yet, confirmed empirically 2026-08-30)",NO (requires market no-vig P),NO (requires real market price),NOT_STARTED (2026-27 season not begun),No marginal model built,
TEAM_SH_GOAL,Team Short-Handed Goal,TEAM,SPECIAL_TEAMS_STATE|TEAM_GOAL_GENERATION,Team Short-Handed Goal,NOT_BUILT,NOT_BUILT,REQUIRES_NEW_EXTRACTION,NOT_YET_ASSESSED,NOT_YET_BUILT,UNKNOWN,False,False,True,False,False,NOT_YET_ELIGIBLE,NO,"NO (no live sportsbook price exists for any NHL prop market yet, confirmed empirically 2026-08-30)",NO (requires market no-vig P),NO (requires real market price),NOT_STARTED (2026-27 season not begun),No marginal model built,
TEAM_EMPTY_NET_GOAL,Team Empty-Net Goal,TEAM,EMPTY_NET_STATE|TEAM_GOAL_GENERATION,Team Empty-Net Goal,NOT_BUILT,NOT_BUILT,AVAILABLE_UNUSED,NOT_YET_ASSESSED,NOT_YET_BUILT,UNKNOWN,False,False,False,True,False,NOT_YET_ELIGIBLE,NO,"NO (no live sportsbook price exists for any NHL prop market yet, confirmed empirically 2026-08-30)",NO (requires market no-vig P),NO (requires real market price),NOT_STARTED (2026-27 season not begun),No marginal model built,Empty-net goals are NOT ordinary 5v5 scoring events (Part 26) -- requires game-state awareness of pulled goalies.
TEAM_PIM_OU,Team Penalty Minutes O/U,TEAM,PENALTY_PROCESS,Team Penalty Minutes O/U,NOT_BUILT,NOT_BUILT,AVAILABLE_UNUSED,NOT_YET_ASSESSED,NOT_YET_BUILT,UNKNOWN,False,False,True,False,False,NOT_YET_ELIGIBLE,NO,"NO (no live sportsbook price exists for any NHL prop market yet, confirmed empirically 2026-08-30)",NO (requires market no-vig P),NO (requires real market price),NOT_STARTED (2026-27 season not begun),No marginal model built,
TEAM_PENALTIES_OU,Team Total Penalties O/U,TEAM,PENALTY_PROCESS,Team Total Penalties O/U,NOT_BUILT,NOT_BUILT,AVAILABLE_UNUSED,NOT_YET_ASSESSED,NOT_YET_BUILT,UNKNOWN,False,False,True,False,False,NOT_YET_ELIGIBLE,NO,"NO (no live sportsbook price exists for any NHL prop market yet, confirmed empirically 2026-08-30)",NO (requires market no-vig P),NO (requires real market price),NOT_STARTED (2026-27 season not begun),No marginal model built,
TEAM_FACEOFF_WINS_OU,Team Faceoff Wins O/U,TEAM,FACEOFF_PROCESS,Team Faceoff Wins O/U,NOT_BUILT,NOT_BUILT,AVAILABLE_UNUSED,NOT_YET_ASSESSED,NOT_YET_BUILT,UNKNOWN,False,False,True,False,False,NOT_YET_ELIGIBLE,NO,"NO (no live sportsbook price exists for any NHL prop market yet, confirmed empirically 2026-08-30)",NO (requires market no-vig P),NO (requires real market price),NOT_STARTED (2026-27 season not begun),No marginal model built,
GAME_TO_OT,Game to Overtime,GAME_OUTCOME,GAME_SCORE_STATE|OT_SHOOTOUT_STATE,Game to Overtime,NOT_BUILT,NOT_BUILT,AVAILABLE_USED,NOT_YET_ASSESSED,NOT_YET_BUILT,UNKNOWN,False,False,True,False,True,NOT_YET_ELIGIBLE,NO,"NO (no live sportsbook price exists for any NHL prop market yet, confirmed empirically 2026-08-30)",NO (requires market no-vig P),NO (requires real market price),NOT_STARTED (2026-27 season not begun),No marginal model built,"Derivable from a coherent joint (home_goals, away_goals) distribution alone -- does NOT require event timing, only final-score simulation."
GAME_TO_SHOOTOUT,Game to Shootout,GAME_OUTCOME,GAME_SCORE_STATE|OT_SHOOTOUT_STATE,Game to Shootout,NOT_BUILT,NOT_BUILT,AVAILABLE_USED,NOT_YET_ASSESSED,NOT_YET_BUILT,UNKNOWN,False,False,True,False,True,NOT_YET_ELIGIBLE,NO,"NO (no live sportsbook price exists for any NHL prop market yet, confirmed empirically 2026-08-30)",NO (requires market no-vig P),NO (requires real market price),NOT_STARTED (2026-27 season not begun),No marginal model built,
METHOD_OF_VICTORY_REGULATION,Method of Victory: Regulation,GAME_OUTCOME,GAME_SCORE_STATE|OT_SHOOTOUT_STATE,Method of Victory: Regulation,NOT_BUILT,NOT_BUILT,AVAILABLE_USED,NOT_YET_ASSESSED,NOT_YET_BUILT,UNKNOWN,False,False,True,False,True,NOT_YET_ELIGIBLE,NO,"NO (no live sportsbook price exists for any NHL prop market yet, confirmed empirically 2026-08-30)",NO (requires market no-vig P),NO (requires real market price),NOT_STARTED (2026-27 season not begun),No marginal model built,
METHOD_OF_VICTORY_OVERTIME,Method of Victory: Overtime,GAME_OUTCOME,GAME_SCORE_STATE|OT_SHOOTOUT_STATE,Method of Victory: Overtime,NOT_BUILT,NOT_BUILT,AVAILABLE_USED,NOT_YET_ASSESSED,NOT_YET_BUILT,UNKNOWN,False,False,True,False,True,NOT_YET_ELIGIBLE,NO,"NO (no live sportsbook price exists for any NHL prop market yet, confirmed empirically 2026-08-30)",NO (requires market no-vig P),NO (requires real market price),NOT_STARTED (2026-27 season not begun),No marginal model built,
METHOD_OF_VICTORY_SHOOTOUT,Method of Victory: Shootout,GAME_OUTCOME,GAME_SCORE_STATE|OT_SHOOTOUT_STATE,Method of Victory: Shootout,NOT_BUILT,NOT_BUILT,AVAILABLE_USED,NOT_YET_ASSESSED,NOT_YET_BUILT,UNKNOWN,False,False,True,False,True,NOT_YET_ELIGIBLE,NO,"NO (no live sportsbook price exists for any NHL prop market yet, confirmed empirically 2026-08-30)",NO (requires market no-vig P),NO (requires real market price),NOT_STARTED (2026-27 season not begun),No marginal model built,
WINNING_MARGIN,Winning Margin,GAME_OUTCOME,GAME_SCORE_STATE,Winning Margin,NOT_BUILT,NOT_BUILT,AVAILABLE_USED,NOT_YET_ASSESSED,NOT_YET_BUILT,UNKNOWN,False,False,True,False,True,NOT_YET_ELIGIBLE,NO,"NO (no live sportsbook price exists for any NHL prop market yet, confirmed empirically 2026-08-30)",NO (requires market no-vig P),NO (requires real market price),NOT_STARTED (2026-27 season not begun),No marginal model built,"A function of the joint (home_goals, away_goals) distribution alone -- final-score-only, not event-time."
EXACT_FINAL_SCORE,Exact Final Score,GAME_OUTCOME,GAME_SCORE_STATE,Exact Final Score,NOT_BUILT,NOT_BUILT,AVAILABLE_USED,NOT_YET_ASSESSED,NOT_YET_BUILT,UNKNOWN,False,False,True,False,True,NOT_YET_ELIGIBLE,NO,"NO (no live sportsbook price exists for any NHL prop market yet, confirmed empirically 2026-08-30)",NO (requires market no-vig P),NO (requires real market price),NOT_STARTED (2026-27 season not begun),No marginal model built,
BOTH_TEAMS_TO_SCORE,Both Teams to Score,GAME_OUTCOME,TEAM_GOAL_GENERATION,Both Teams to Score,NOT_BUILT,NOT_BUILT,AVAILABLE_USED,NOT_YET_ASSESSED,NOT_YET_BUILT,UNKNOWN,False,False,True,False,True,NOT_YET_ELIGIBLE,NO,"NO (no live sportsbook price exists for any NHL prop market yet, confirmed empirically 2026-08-30)",NO (requires market no-vig P),NO (requires real market price),NOT_STARTED (2026-27 season not begun),No marginal model built,
BOTH_TEAMS_2PLUS_GOALS,Both Teams 2+ Goals,GAME_OUTCOME,TEAM_GOAL_GENERATION,Both Teams 2+ Goals,NOT_BUILT,NOT_BUILT,AVAILABLE_USED,NOT_YET_ASSESSED,NOT_YET_BUILT,UNKNOWN,False,False,True,False,True,NOT_YET_ELIGIBLE,NO,"NO (no live sportsbook price exists for any NHL prop market yet, confirmed empirically 2026-08-30)",NO (requires market no-vig P),NO (requires real market price),NOT_STARTED (2026-27 season not begun),No marginal model built,
BOTH_TEAMS_3PLUS_GOALS,Both Teams 3+ Goals,GAME_OUTCOME,TEAM_GOAL_GENERATION,Both Teams 3+ Goals,NOT_BUILT,NOT_BUILT,AVAILABLE_USED,NOT_YET_ASSESSED,NOT_YET_BUILT,UNKNOWN,False,False,True,False,True,NOT_YET_ELIGIBLE,NO,"NO (no live sportsbook price exists for any NHL prop market yet, confirmed empirically 2026-08-30)",NO (requires market no-vig P),NO (requires real market price),NOT_STARTED (2026-27 season not begun),No marginal model built,
FIRST_GOAL_TIMING,First Goal Timing,GAME_OUTCOME,PERIOD_EVENT_TIMING,First Goal Timing,NOT_BUILT,NOT_BUILT,AVAILABLE_UNUSED,NOT_YET_ASSESSED,NOT_YET_BUILT,UNKNOWN,False,False,False,True,True,NOT_YET_ELIGIBLE,NO,"NO (no live sportsbook price exists for any NHL prop market yet, confirmed empirically 2026-08-30)",NO (requires market no-vig P),NO (requires real market price),NOT_STARTED (2026-27 season not begun),No marginal model built,
FIRST_GOAL_METHOD_EV,First Goal Method: EV,GAME_OUTCOME,SPECIAL_TEAMS_STATE|PERIOD_EVENT_TIMING,First Goal Method: EV,NOT_BUILT,NOT_BUILT,AVAILABLE_UNUSED,NOT_YET_ASSESSED,NOT_YET_BUILT,UNKNOWN,False,False,False,True,True,NOT_YET_ELIGIBLE,NO,"NO (no live sportsbook price exists for any NHL prop market yet, confirmed empirically 2026-08-30)",NO (requires market no-vig P),NO (requires real market price),NOT_STARTED (2026-27 season not begun),No marginal model built,
FIRST_GOAL_METHOD_PP,First Goal Method: PP,GAME_OUTCOME,SPECIAL_TEAMS_STATE|PERIOD_EVENT_TIMING,First Goal Method: PP,NOT_BUILT,NOT_BUILT,AVAILABLE_UNUSED,NOT_YET_ASSESSED,NOT_YET_BUILT,UNKNOWN,False,False,False,True,True,NOT_YET_ELIGIBLE,NO,"NO (no live sportsbook price exists for any NHL prop market yet, confirmed empirically 2026-08-30)",NO (requires market no-vig P),NO (requires real market price),NOT_STARTED (2026-27 season not begun),No marginal model built,
FIRST_GOAL_METHOD_SH,First Goal Method: SH,GAME_OUTCOME,SPECIAL_TEAMS_STATE|PERIOD_EVENT_TIMING,First Goal Method: SH,NOT_BUILT,NOT_BUILT,AVAILABLE_UNUSED,NOT_YET_ASSESSED,NOT_YET_BUILT,UNKNOWN,False,False,False,True,True,NOT_YET_ELIGIBLE,NO,"NO (no live sportsbook price exists for any NHL prop market yet, confirmed empirically 2026-08-30)",NO (requires market no-vig P),NO (requires real market price),NOT_STARTED (2026-27 season not begun),No marginal model built,
RACE_TO_1,Race to 1,GAME_OUTCOME,PERIOD_EVENT_TIMING,Race to 1,NOT_BUILT,NOT_BUILT,AVAILABLE_UNUSED,NOT_YET_ASSESSED,NOT_YET_BUILT,UNKNOWN,False,False,False,True,True,NOT_YET_ELIGIBLE,NO,"NO (no live sportsbook price exists for any NHL prop market yet, confirmed empirically 2026-08-30)",NO (requires market no-vig P),NO (requires real market price),NOT_STARTED (2026-27 season not begun),No marginal model built,
RACE_TO_2,Race to 2,GAME_OUTCOME,PERIOD_EVENT_TIMING,Race to 2,NOT_BUILT,NOT_BUILT,AVAILABLE_UNUSED,NOT_YET_ASSESSED,NOT_YET_BUILT,UNKNOWN,False,False,False,True,True,NOT_YET_ELIGIBLE,NO,"NO (no live sportsbook price exists for any NHL prop market yet, confirmed empirically 2026-08-30)",NO (requires market no-vig P),NO (requires real market price),NOT_STARTED (2026-27 season not begun),No marginal model built,
RACE_TO_3,Race to 3,GAME_OUTCOME,PERIOD_EVENT_TIMING,Race to 3,NOT_BUILT,NOT_BUILT,AVAILABLE_UNUSED,NOT_YET_ASSESSED,NOT_YET_BUILT,UNKNOWN,False,False,False,True,True,NOT_YET_ELIGIBLE,NO,"NO (no live sportsbook price exists for any NHL prop market yet, confirmed empirically 2026-08-30)",NO (requires market no-vig P),NO (requires real market price),NOT_STARTED (2026-27 season not begun),No marginal model built,
RACE_TO_4,Race to 4,GAME_OUTCOME,PERIOD_EVENT_TIMING,Race to 4,NOT_BUILT,NOT_BUILT,AVAILABLE_UNUSED,NOT_YET_ASSESSED,NOT_YET_BUILT,UNKNOWN,False,False,False,True,True,NOT_YET_ELIGIBLE,NO,"NO (no live sportsbook price exists for any NHL prop market yet, confirmed empirically 2026-08-30)",NO (requires market no-vig P),NO (requires real market price),NOT_STARTED (2026-27 season not begun),No marginal model built,
TEAM_LEAD_1_0,Team to Lead 1-0,GAME_OUTCOME,PERIOD_EVENT_TIMING|GAME_SCORE_STATE,Team to Lead 1-0,NOT_BUILT,NOT_BUILT,AVAILABLE_UNUSED,NOT_YET_ASSESSED,NOT_YET_BUILT,UNKNOWN,False,False,False,True,True,NOT_YET_ELIGIBLE,NO,"NO (no live sportsbook price exists for any NHL prop market yet, confirmed empirically 2026-08-30)",NO (requires market no-vig P),NO (requires real market price),NOT_STARTED (2026-27 season not begun),No marginal model built,
TEAM_LEAD_2_0,Team to Lead 2-0,GAME_OUTCOME,PERIOD_EVENT_TIMING|GAME_SCORE_STATE,Team to Lead 2-0,NOT_BUILT,NOT_BUILT,AVAILABLE_UNUSED,NOT_YET_ASSESSED,NOT_YET_BUILT,UNKNOWN,False,False,False,True,True,NOT_YET_ELIGIBLE,NO,"NO (no live sportsbook price exists for any NHL prop market yet, confirmed empirically 2026-08-30)",NO (requires market no-vig P),NO (requires real market price),NOT_STARTED (2026-27 season not begun),No marginal model built,
LARGEST_LEAD,Largest Lead,GAME_OUTCOME,PERIOD_EVENT_TIMING|GAME_SCORE_STATE,Largest Lead,NOT_BUILT,NOT_BUILT,AVAILABLE_UNUSED,NOT_YET_ASSESSED,NOT_YET_BUILT,UNKNOWN,False,False,False,True,True,NOT_YET_ELIGIBLE,NO,"NO (no live sportsbook price exists for any NHL prop market yet, confirmed empirically 2026-08-30)",NO (requires market no-vig P),NO (requires real market price),NOT_STARTED (2026-27 season not begun),No marginal model built,
LEAD_AFTER_EVERY_PERIOD,Lead After Every Period,GAME_OUTCOME,PERIOD_EVENT_TIMING,Lead After Every Period,NOT_BUILT,NOT_BUILT,AVAILABLE_UNUSED,NOT_YET_ASSESSED,NOT_YET_BUILT,UNKNOWN,False,False,False,True,True,NOT_YET_ELIGIBLE,NO,"NO (no live sportsbook price exists for any NHL prop market yet, confirmed empirically 2026-08-30)",NO (requires market no-vig P),NO (requires real market price),NOT_STARTED (2026-27 season not begun),No marginal model built,
COME_FROM_BEHIND_WIN,Come-From-Behind Win,GAME_OUTCOME,PERIOD_EVENT_TIMING|GAME_SCORE_STATE,Come-From-Behind Win,NOT_BUILT,NOT_BUILT,AVAILABLE_UNUSED,NOT_YET_ASSESSED,NOT_YET_BUILT,UNKNOWN,False,False,False,True,True,NOT_YET_ELIGIBLE,NO,"NO (no live sportsbook price exists for any NHL prop market yet, confirmed empirically 2026-08-30)",NO (requires market no-vig P),NO (requires real market price),NOT_STARTED (2026-27 season not begun),No marginal model built,
ANY_EMPTY_NET_GOAL,Any Empty-Net Goal,GAME_OUTCOME,EMPTY_NET_STATE,Any Empty-Net Goal,NOT_BUILT,NOT_BUILT,AVAILABLE_UNUSED,NOT_YET_ASSESSED,NOT_YET_BUILT,UNKNOWN,False,False,False,True,True,NOT_YET_ELIGIBLE,NO,"NO (no live sportsbook price exists for any NHL prop market yet, confirmed empirically 2026-08-30)",NO (requires market no-vig P),NO (requires real market price),NOT_STARTED (2026-27 season not begun),No marginal model built,
ANY_SH_GOAL,Any Short-Handed Goal,GAME_OUTCOME,SPECIAL_TEAMS_STATE,Any Short-Handed Goal,NOT_BUILT,NOT_BUILT,REQUIRES_NEW_EXTRACTION,NOT_YET_ASSESSED,NOT_YET_BUILT,UNKNOWN,False,False,True,False,True,NOT_YET_ELIGIBLE,NO,"NO (no live sportsbook price exists for any NHL prop market yet, confirmed empirically 2026-08-30)",NO (requires market no-vig P),NO (requires real market price),NOT_STARTED (2026-27 season not begun),No marginal model built,
ANY_PP_GOAL,Any Power-Play Goal,GAME_OUTCOME,SPECIAL_TEAMS_STATE,Any Power-Play Goal,NOT_BUILT,NOT_BUILT,AVAILABLE_UNUSED,NOT_YET_ASSESSED,NOT_YET_BUILT,UNKNOWN,False,False,True,False,True,NOT_YET_ELIGIBLE,NO,"NO (no live sportsbook price exists for any NHL prop market yet, confirmed empirically 2026-08-30)",NO (requires market no-vig P),NO (requires real market price),NOT_STARTED (2026-27 season not begun),No marginal model built,
GAME_TOTAL_PP_GOALS,Game Total PP Goals,GAME_OUTCOME,SPECIAL_TEAMS_STATE,Game Total PP Goals,NOT_BUILT,NOT_BUILT,AVAILABLE_UNUSED,NOT_YET_ASSESSED,NOT_YET_BUILT,UNKNOWN,False,False,True,False,False,NOT_YET_ELIGIBLE,NO,"NO (no live sportsbook price exists for any NHL prop market yet, confirmed empirically 2026-08-30)",NO (requires market no-vig P),NO (requires real market price),NOT_STARTED (2026-27 season not begun),No marginal model built,
GAME_TOTAL_PENALTIES,Game Total Penalties,GAME_OUTCOME,PENALTY_PROCESS,Game Total Penalties,NOT_BUILT,NOT_BUILT,AVAILABLE_UNUSED,NOT_YET_ASSESSED,NOT_YET_BUILT,UNKNOWN,False,False,True,False,False,NOT_YET_ELIGIBLE,NO,"NO (no live sportsbook price exists for any NHL prop market yet, confirmed empirically 2026-08-30)",NO (requires market no-vig P),NO (requires real market price),NOT_STARTED (2026-27 season not begun),No marginal model built,
GAME_TOTAL_PIM,Game Total PIM,GAME_OUTCOME,PENALTY_PROCESS,Game Total PIM,NOT_BUILT,NOT_BUILT,AVAILABLE_UNUSED,NOT_YET_ASSESSED,NOT_YET_BUILT,UNKNOWN,False,False,True,False,False,NOT_YET_ELIGIBLE,NO,"NO (no live sportsbook price exists for any NHL prop market yet, confirmed empirically 2026-08-30)",NO (requires market no-vig P),NO (requires real market price),NOT_STARTED (2026-27 season not begun),No marginal model built,
GAME_TOTAL_SHOTS,Game Total Shots,GAME_OUTCOME,TEAM_SHOT_GENERATION,Game Total Shots,NOT_BUILT,NOT_BUILT,AVAILABLE_UNUSED_AS_STANDALONE_TARGET,NOT_YET_ASSESSED,NOT_YET_BUILT,UNKNOWN,False,False,True,False,False,NOT_YET_ELIGIBLE,NO,"NO (no live sportsbook price exists for any NHL prop market yet, confirmed empirically 2026-08-30)",NO (requires market no-vig P),NO (requires real market price),NOT_STARTED (2026-27 season not begun),No marginal model built,
GAME_TOTAL_SAVES,Game Total Saves,GAME_OUTCOME,GOALIE_WORKLOAD_SAVE_PROCESS,Game Total Saves,NOT_BUILT,NOT_BUILT,AVAILABLE_UNUSED,NOT_YET_ASSESSED,NOT_YET_BUILT,UNKNOWN,False,False,True,False,False,NOT_YET_ELIGIBLE,NO,"NO (no live sportsbook price exists for any NHL prop market yet, confirmed empirically 2026-08-30)",NO (requires market no-vig P),NO (requires real market price),NOT_STARTED (2026-27 season not begun),No marginal model built,
GAME_TOTAL_BLOCKED_SHOTS,Game Total Blocked Shots,GAME_OUTCOME,PLAYER_BLOCK_EVENT_GENERATION,Game Total Blocked Shots,NOT_BUILT,NOT_BUILT,AVAILABLE_UNUSED_AS_STANDALONE_TARGET,NOT_YET_ASSESSED,NOT_YET_BUILT,UNKNOWN,False,False,True,False,False,NOT_YET_ELIGIBLE,NO,"NO (no live sportsbook price exists for any NHL prop market yet, confirmed empirically 2026-08-30)",NO (requires market no-vig P),NO (requires real market price),NOT_STARTED (2026-27 season not begun),No marginal model built,
GAME_TOTAL_FACEOFFS,Game Total Faceoffs,GAME_OUTCOME,FACEOFF_PROCESS,Game Total Faceoffs,NOT_BUILT,NOT_BUILT,AVAILABLE_UNUSED,NOT_YET_ASSESSED,NOT_YET_BUILT,UNKNOWN,False,False,True,False,False,NOT_YET_ELIGIBLE,NO,"NO (no live sportsbook price exists for any NHL prop market yet, confirmed empirically 2026-08-30)",NO (requires market no-vig P),NO (requires real market price),NOT_STARTED (2026-27 season not begun),No marginal model built,
PERIOD_1_PLAYER_GOAL,Player goal (1st Period),PERIOD_MARKETS,PERIOD_EVENT_TIMING,Player goal (1st Period),NOT_BUILT,NOT_BUILT,AVAILABLE_UNUSED,NOT_YET_ASSESSED,NOT_YET_BUILT,UNKNOWN,False,False,False,True,False,NOT_YET_ELIGIBLE,NO,"NO (no live sportsbook price exists for any NHL prop market yet, confirmed empirically 2026-08-30)",NO (requires market no-vig P),NO (requires real market price),NOT_STARTED (2026-27 season not begun),No marginal model built,
PERIOD_1_PLAYER_POINT,Player point (1st Period),PERIOD_MARKETS,PERIOD_EVENT_TIMING,Player point (1st Period),NOT_BUILT,NOT_BUILT,AVAILABLE_UNUSED,NOT_YET_ASSESSED,NOT_YET_BUILT,UNKNOWN,False,False,False,True,False,NOT_YET_ELIGIBLE,NO,"NO (no live sportsbook price exists for any NHL prop market yet, confirmed empirically 2026-08-30)",NO (requires market no-vig P),NO (requires real market price),NOT_STARTED (2026-27 season not begun),No marginal model built,
PERIOD_1_PLAYER_SOG,Player SOG (1st Period),PERIOD_MARKETS,PERIOD_EVENT_TIMING,Player SOG (1st Period),VALIDATED,VALIDATED_1PLUS_2PLUS_3PLUS,AVAILABLE_USED,CURRENT_FRAMEWORK,IMPLEMENTED,UNKNOWN,False,False,False,True,False,NOT_YET_ELIGIBLE,YES,"NO (no live sportsbook price exists for any NHL prop market yet, confirmed empirically 2026-08-30)",NO (requires market no-vig P),NO (requires real market price),NOT_STARTED (2026-27 season not begun),"No live DraftKings price posted yet (preseason, confirmed empirically 2026-08-30)","PLAYER_SOG_BY_PERIOD_VALIDATION_REPORT.md: winning model is Candidate E (hybrid offset -- upstream full-game SOG expectation, from the existing VALIDATED research.player_sog model recomputed PIT-safely per row, plus a small period-specific contextual adjustment). Beats the best PIT-safe baseline with frac_improved >= 0.98 (game- and date-clustered bootstrap) at 1+/2+ in every period, every eval season. 3+ ALSO validated for period 1 specifically (frac_improved 0.999-1.000 both eval seasons). 4+/5+ never tested: <300 positive events in the eval set (pre-specified tail-support rule). Full-game coherence: sum(P1+P2+P3) exceeds the upstream full-game prediction by ~0.10 SOG on average (disclosed, not forced to zero). LOW-confidence bucket shows non-negative skill in both eval seasons (+0.004, +0.017) -- unrestricted."
PERIOD_1_TEAM_TOTAL_GOALS,Team total goals (1st Period),PERIOD_MARKETS,PERIOD_EVENT_TIMING,Team total goals (1st Period),RESEARCH,ATTEMPTED_NOT_VALIDATED,AVAILABLE_USED,CURRENT_FRAMEWORK,IMPLEMENTED,UNKNOWN,False,False,False,True,False,NOT_YET_ELIGIBLE,NO,"NO (no live sportsbook price exists for any NHL prop market yet, confirmed empirically 2026-08-30)",NO (requires market no-vig P),NO (requires real market price),NOT_STARTED (2026-27 season not begun),"Research-stage only, not production-validated","TEAM_GOALS_BY_PERIOD_VALIDATION_REPORT.md: a real model (upstream full-game team-goal expectation x league-average period share + small offset-GLM adjustment, and a separate direct Poisson/NB GLM) was built and evaluated under strict walk-forward discipline. NEITHER beat the strongest PIT-safe baseline (full-game expectation x league-average share) with bootstrap evidence clearing this project's usual bar at any period/threshold, in both eval seasons simultaneously -- point-estimate differences were real but tiny (~0.0002-0.0007 mean Brier) and did not survive game- or date-clustered bootstrap scrutiny consistently. A real add-on test of MoneyPuck xG context (Part 8) made period-1 performance WORSE in the 2024-25 eval season (frac_improved 0.003) and did not clear the bar in 2025-26 either -- disclosed, not silently dropped. Real, disclosed home/away goal dependence exists and GROWS by period (raw correlation ~0 in P1, ~-0.05 to -0.07 in P2, ~-0.08 to -0.14 in P3) and is NOT explained away by the model (residual correlation nearly identical to raw) -- independence should not be assumed for future BTTS/correct-score pricing, especially in P3."
PERIOD_1_GAME_TOTAL_GOALS,Game total goals (1st Period),PERIOD_MARKETS,PERIOD_EVENT_TIMING,Game total goals (1st Period),NOT_BUILT,NOT_BUILT,AVAILABLE_UNUSED,NOT_YET_ASSESSED,NOT_YET_BUILT,UNKNOWN,False,False,False,True,False,NOT_YET_ELIGIBLE,NO,"NO (no live sportsbook price exists for any NHL prop market yet, confirmed empirically 2026-08-30)",NO (requires market no-vig P),NO (requires real market price),NOT_STARTED (2026-27 season not begun),No marginal model built,
PERIOD_1_TEAM_TO_SCORE,Team to score (1st Period),PERIOD_MARKETS,PERIOD_EVENT_TIMING,Team to score (1st Period),NOT_BUILT,NOT_BUILT,AVAILABLE_UNUSED,NOT_YET_ASSESSED,NOT_YET_BUILT,UNKNOWN,False,False,False,True,False,NOT_YET_ELIGIBLE,NO,"NO (no live sportsbook price exists for any NHL prop market yet, confirmed empirically 2026-08-30)",NO (requires market no-vig P),NO (requires real market price),NOT_STARTED (2026-27 season not begun),No marginal model built,
PERIOD_1_FIRST_TEAM_TO_SCORE,First team to score (1st Period),PERIOD_MARKETS,PERIOD_EVENT_TIMING,First team to score (1st Period),NOT_BUILT,NOT_BUILT,AVAILABLE_UNUSED,NOT_YET_ASSESSED,NOT_YET_BUILT,UNKNOWN,False,False,False,True,False,NOT_YET_ELIGIBLE,NO,"NO (no live sportsbook price exists for any NHL prop market yet, confirmed empirically 2026-08-30)",NO (requires market no-vig P),NO (requires real market price),NOT_STARTED (2026-27 season not begun),No marginal model built,
PERIOD_1_BOTH_TEAMS_SCORE,Both teams score (1st Period),PERIOD_MARKETS,PERIOD_EVENT_TIMING,Both teams score (1st Period),NOT_BUILT,NOT_BUILT,AVAILABLE_UNUSED,NOT_YET_ASSESSED,NOT_YET_BUILT,UNKNOWN,False,False,False,True,True,NOT_YET_ELIGIBLE,NO,"NO (no live sportsbook price exists for any NHL prop market yet, confirmed empirically 2026-08-30)",NO (requires market no-vig P),NO (requires real market price),NOT_STARTED (2026-27 season not begun),No marginal model built,
PERIOD_1_CORRECT_SCORE,Correct score (1st Period),PERIOD_MARKETS,PERIOD_EVENT_TIMING,Correct score (1st Period),NOT_BUILT,NOT_BUILT,AVAILABLE_UNUSED,NOT_YET_ASSESSED,NOT_YET_BUILT,UNKNOWN,False,False,False,True,True,NOT_YET_ELIGIBLE,NO,"NO (no live sportsbook price exists for any NHL prop market yet, confirmed empirically 2026-08-30)",NO (requires market no-vig P),NO (requires real market price),NOT_STARTED (2026-27 season not begun),No marginal model built,
PERIOD_1_GOALIE_SAVES,Goalie saves (1st Period),PERIOD_MARKETS,PERIOD_EVENT_TIMING,Goalie saves (1st Period),PARTIAL,PARTIAL_SEASON_INCONSISTENT,AVAILABLE_USED,CURRENT_FRAMEWORK,IMPLEMENTED,UNKNOWN,False,False,False,True,False,NOT_YET_ELIGIBLE,PARTIAL,"NO (no live sportsbook price exists for any NHL prop market yet, confirmed empirically 2026-08-30)",NO (requires market no-vig P),NO (requires real market price),NOT_STARTED (2026-27 season not begun),"Validated in some seasons/strata only, not consistently","GOALIE_SAVES_VALIDATION_REPORT.md: period saves compared a share-of-validated-full-game-model baseline against a direct per-period Poisson GLM candidate. P1: direct-Poisson beat the share baseline in 2025-26 (frac_improved=0.997) but not 2024-25 (0.831) -- PARTIAL, season-inconsistent. All figures CONDITIONAL_ON_ACTUAL_START."
PERIOD_1_PERIOD_WINNING_MARGIN,Period winning margin (1st Period),PERIOD_MARKETS,PERIOD_EVENT_TIMING,Period winning margin (1st Period),NOT_BUILT,NOT_BUILT,AVAILABLE_UNUSED,NOT_YET_ASSESSED,NOT_YET_BUILT,UNKNOWN,False,False,False,True,False,NOT_YET_ELIGIBLE,NO,"NO (no live sportsbook price exists for any NHL prop market yet, confirmed empirically 2026-08-30)",NO (requires market no-vig P),NO (requires real market price),NOT_STARTED (2026-27 season not begun),No marginal model built,
PERIOD_2_PLAYER_GOAL,Player goal (2nd Period),PERIOD_MARKETS,PERIOD_EVENT_TIMING,Player goal (2nd Period),NOT_BUILT,NOT_BUILT,AVAILABLE_UNUSED,NOT_YET_ASSESSED,NOT_YET_BUILT,UNKNOWN,False,False,False,True,False,NOT_YET_ELIGIBLE,NO,"NO (no live sportsbook price exists for any NHL prop market yet, confirmed empirically 2026-08-30)",NO (requires market no-vig P),NO (requires real market price),NOT_STARTED (2026-27 season not begun),No marginal model built,
PERIOD_2_PLAYER_POINT,Player point (2nd Period),PERIOD_MARKETS,PERIOD_EVENT_TIMING,Player point (2nd Period),NOT_BUILT,NOT_BUILT,AVAILABLE_UNUSED,NOT_YET_ASSESSED,NOT_YET_BUILT,UNKNOWN,False,False,False,True,False,NOT_YET_ELIGIBLE,NO,"NO (no live sportsbook price exists for any NHL prop market yet, confirmed empirically 2026-08-30)",NO (requires market no-vig P),NO (requires real market price),NOT_STARTED (2026-27 season not begun),No marginal model built,
PERIOD_2_PLAYER_SOG,Player SOG (2nd Period),PERIOD_MARKETS,PERIOD_EVENT_TIMING,Player SOG (2nd Period),VALIDATED,VALIDATED_1PLUS_2PLUS_ONLY,AVAILABLE_USED,CURRENT_FRAMEWORK,IMPLEMENTED,UNKNOWN,False,False,False,True,False,NOT_YET_ELIGIBLE,YES,"NO (no live sportsbook price exists for any NHL prop market yet, confirmed empirically 2026-08-30)",NO (requires market no-vig P),NO (requires real market price),NOT_STARTED (2026-27 season not begun),"No live DraftKings price posted yet (preseason, confirmed empirically 2026-08-30)","PLAYER_SOG_BY_PERIOD_VALIDATION_REPORT.md: winning model is Candidate E (hybrid offset -- upstream full-game SOG expectation, from the existing VALIDATED research.player_sog model recomputed PIT-safely per row, plus a small period-specific contextual adjustment). Beats the best PIT-safe baseline with frac_improved >= 0.98 (game- and date-clustered bootstrap) at 1+/2+ in every period, every eval season. 3+ NOT validated for period 2 (frac_improved dropped to 0.8 in the 2025-26 eval season). 4+/5+ never tested: <300 positive events in the eval set (pre-specified tail-support rule). Full-game coherence: sum(P1+P2+P3) exceeds the upstream full-game prediction by ~0.10 SOG on average (disclosed, not forced to zero). LOW-confidence bucket showed mixed skill across eval seasons (-0.015, +0.037) -- left unrestricted (no repeated negative pattern)."
PERIOD_2_TEAM_TOTAL_GOALS,Team total goals (2nd Period),PERIOD_MARKETS,PERIOD_EVENT_TIMING,Team total goals (2nd Period),RESEARCH,ATTEMPTED_NOT_VALIDATED,AVAILABLE_USED,CURRENT_FRAMEWORK,IMPLEMENTED,UNKNOWN,False,False,False,True,False,NOT_YET_ELIGIBLE,NO,"NO (no live sportsbook price exists for any NHL prop market yet, confirmed empirically 2026-08-30)",NO (requires market no-vig P),NO (requires real market price),NOT_STARTED (2026-27 season not begun),"Research-stage only, not production-validated","TEAM_GOALS_BY_PERIOD_VALIDATION_REPORT.md: a real model (upstream full-game team-goal expectation x league-average period share + small offset-GLM adjustment, and a separate direct Poisson/NB GLM) was built and evaluated under strict walk-forward discipline. NEITHER beat the strongest PIT-safe baseline (full-game expectation x league-average share) with bootstrap evidence clearing this project's usual bar at any period/threshold, in both eval seasons simultaneously -- point-estimate differences were real but tiny (~0.0002-0.0007 mean Brier) and did not survive game- or date-clustered bootstrap scrutiny consistently. A real add-on test of MoneyPuck xG context (Part 8) made period-1 performance WORSE in the 2024-25 eval season (frac_improved 0.003) and did not clear the bar in 2025-26 either -- disclosed, not silently dropped. Real, disclosed home/away goal dependence exists and GROWS by period (raw correlation ~0 in P1, ~-0.05 to -0.07 in P2, ~-0.08 to -0.14 in P3) and is NOT explained away by the model (residual correlation nearly identical to raw) -- independence should not be assumed for future BTTS/correct-score pricing, especially in P3."
PERIOD_2_GAME_TOTAL_GOALS,Game total goals (2nd Period),PERIOD_MARKETS,PERIOD_EVENT_TIMING,Game total goals (2nd Period),NOT_BUILT,NOT_BUILT,AVAILABLE_UNUSED,NOT_YET_ASSESSED,NOT_YET_BUILT,UNKNOWN,False,False,False,True,False,NOT_YET_ELIGIBLE,NO,"NO (no live sportsbook price exists for any NHL prop market yet, confirmed empirically 2026-08-30)",NO (requires market no-vig P),NO (requires real market price),NOT_STARTED (2026-27 season not begun),No marginal model built,
PERIOD_2_TEAM_TO_SCORE,Team to score (2nd Period),PERIOD_MARKETS,PERIOD_EVENT_TIMING,Team to score (2nd Period),NOT_BUILT,NOT_BUILT,AVAILABLE_UNUSED,NOT_YET_ASSESSED,NOT_YET_BUILT,UNKNOWN,False,False,False,True,False,NOT_YET_ELIGIBLE,NO,"NO (no live sportsbook price exists for any NHL prop market yet, confirmed empirically 2026-08-30)",NO (requires market no-vig P),NO (requires real market price),NOT_STARTED (2026-27 season not begun),No marginal model built,
PERIOD_2_FIRST_TEAM_TO_SCORE,First team to score (2nd Period),PERIOD_MARKETS,PERIOD_EVENT_TIMING,First team to score (2nd Period),NOT_BUILT,NOT_BUILT,AVAILABLE_UNUSED,NOT_YET_ASSESSED,NOT_YET_BUILT,UNKNOWN,False,False,False,True,False,NOT_YET_ELIGIBLE,NO,"NO (no live sportsbook price exists for any NHL prop market yet, confirmed empirically 2026-08-30)",NO (requires market no-vig P),NO (requires real market price),NOT_STARTED (2026-27 season not begun),No marginal model built,
PERIOD_2_BOTH_TEAMS_SCORE,Both teams score (2nd Period),PERIOD_MARKETS,PERIOD_EVENT_TIMING,Both teams score (2nd Period),NOT_BUILT,NOT_BUILT,AVAILABLE_UNUSED,NOT_YET_ASSESSED,NOT_YET_BUILT,UNKNOWN,False,False,False,True,True,NOT_YET_ELIGIBLE,NO,"NO (no live sportsbook price exists for any NHL prop market yet, confirmed empirically 2026-08-30)",NO (requires market no-vig P),NO (requires real market price),NOT_STARTED (2026-27 season not begun),No marginal model built,
PERIOD_2_CORRECT_SCORE,Correct score (2nd Period),PERIOD_MARKETS,PERIOD_EVENT_TIMING,Correct score (2nd Period),NOT_BUILT,NOT_BUILT,AVAILABLE_UNUSED,NOT_YET_ASSESSED,NOT_YET_BUILT,UNKNOWN,False,False,False,True,True,NOT_YET_ELIGIBLE,NO,"NO (no live sportsbook price exists for any NHL prop market yet, confirmed empirically 2026-08-30)",NO (requires market no-vig P),NO (requires real market price),NOT_STARTED (2026-27 season not begun),No marginal model built,
PERIOD_2_GOALIE_SAVES,Goalie saves (2nd Period),PERIOD_MARKETS,PERIOD_EVENT_TIMING,Goalie saves (2nd Period),VALIDATED,VALIDATED,AVAILABLE_USED,CURRENT_FRAMEWORK,IMPLEMENTED,UNKNOWN,False,False,False,True,False,NOT_YET_ELIGIBLE,YES,"NO (no live sportsbook price exists for any NHL prop market yet, confirmed empirically 2026-08-30)",NO (requires market no-vig P),NO (requires real market price),NOT_STARTED (2026-27 season not begun),"No live DraftKings price posted yet (preseason, confirmed empirically 2026-08-30)","GOALIE_SAVES_VALIDATION_REPORT.md: period saves compared a share-of-validated-full-game-model baseline against a direct per-period Poisson GLM candidate. P2: direct-Poisson beat the share baseline in BOTH eval seasons (frac_improved=0.973, 0.999) -- VALIDATED. All figures CONDITIONAL_ON_ACTUAL_START."
PERIOD_2_PERIOD_WINNING_MARGIN,Period winning margin (2nd Period),PERIOD_MARKETS,PERIOD_EVENT_TIMING,Period winning margin (2nd Period),NOT_BUILT,NOT_BUILT,AVAILABLE_UNUSED,NOT_YET_ASSESSED,NOT_YET_BUILT,UNKNOWN,False,False,False,True,False,NOT_YET_ELIGIBLE,NO,"NO (no live sportsbook price exists for any NHL prop market yet, confirmed empirically 2026-08-30)",NO (requires market no-vig P),NO (requires real market price),NOT_STARTED (2026-27 season not begun),No marginal model built,
PERIOD_3_PLAYER_GOAL,Player goal (3rd Period),PERIOD_MARKETS,PERIOD_EVENT_TIMING,Player goal (3rd Period),NOT_BUILT,NOT_BUILT,AVAILABLE_UNUSED,NOT_YET_ASSESSED,NOT_YET_BUILT,UNKNOWN,False,False,False,True,False,NOT_YET_ELIGIBLE,NO,"NO (no live sportsbook price exists for any NHL prop market yet, confirmed empirically 2026-08-30)",NO (requires market no-vig P),NO (requires real market price),NOT_STARTED (2026-27 season not begun),No marginal model built,
PERIOD_3_PLAYER_POINT,Player point (3rd Period),PERIOD_MARKETS,PERIOD_EVENT_TIMING,Player point (3rd Period),NOT_BUILT,NOT_BUILT,AVAILABLE_UNUSED,NOT_YET_ASSESSED,NOT_YET_BUILT,UNKNOWN,False,False,False,True,False,NOT_YET_ELIGIBLE,NO,"NO (no live sportsbook price exists for any NHL prop market yet, confirmed empirically 2026-08-30)",NO (requires market no-vig P),NO (requires real market price),NOT_STARTED (2026-27 season not begun),No marginal model built,
PERIOD_3_PLAYER_SOG,Player SOG (3rd Period),PERIOD_MARKETS,PERIOD_EVENT_TIMING,Player SOG (3rd Period),VALIDATED,VALIDATED_1PLUS_2PLUS_ONLY,AVAILABLE_USED,CURRENT_FRAMEWORK,IMPLEMENTED,UNKNOWN,False,False,False,True,False,NOT_YET_ELIGIBLE,YES,"NO (no live sportsbook price exists for any NHL prop market yet, confirmed empirically 2026-08-30)",NO (requires market no-vig P),NO (requires real market price),NOT_STARTED (2026-27 season not begun),"No live DraftKings price posted yet (preseason, confirmed empirically 2026-08-30)","PLAYER_SOG_BY_PERIOD_VALIDATION_REPORT.md: winning model is Candidate E (hybrid offset -- upstream full-game SOG expectation, from the existing VALIDATED research.player_sog model recomputed PIT-safely per row, plus a small period-specific contextual adjustment). Beats the best PIT-safe baseline with frac_improved >= 0.98 (game- and date-clustered bootstrap) at 1+/2+ in every period, every eval season. 3+ NOT validated for period 3 (frac_improved only 0.28-0.58 across eval seasons). 4+/5+ never tested: <300 positive events in the eval set (pre-specified tail-support rule). Full-game coherence: sum(P1+P2+P3) exceeds the upstream full-game prediction by ~0.10 SOG on average (disclosed, not forced to zero). LOW-confidence bucket showed NEGATIVE skill in BOTH eval seasons (-0.014, -0.016) -- gated WATCH_ONLY via decision_policy.py v3 (PLAYER_SOG_PERIOD_3: WATCH)."
PERIOD_3_TEAM_TOTAL_GOALS,Team total goals (3rd Period),PERIOD_MARKETS,PERIOD_EVENT_TIMING,Team total goals (3rd Period),RESEARCH,ATTEMPTED_NOT_VALIDATED,AVAILABLE_USED,CURRENT_FRAMEWORK,IMPLEMENTED,UNKNOWN,False,False,False,True,False,NOT_YET_ELIGIBLE,NO,"NO (no live sportsbook price exists for any NHL prop market yet, confirmed empirically 2026-08-30)",NO (requires market no-vig P),NO (requires real market price),NOT_STARTED (2026-27 season not begun),"Research-stage only, not production-validated","TEAM_GOALS_BY_PERIOD_VALIDATION_REPORT.md: a real model (upstream full-game team-goal expectation x league-average period share + small offset-GLM adjustment, and a separate direct Poisson/NB GLM) was built and evaluated under strict walk-forward discipline. NEITHER beat the strongest PIT-safe baseline (full-game expectation x league-average share) with bootstrap evidence clearing this project's usual bar at any period/threshold, in both eval seasons simultaneously -- point-estimate differences were real but tiny (~0.0002-0.0007 mean Brier) and did not survive game- or date-clustered bootstrap scrutiny consistently. A real add-on test of MoneyPuck xG context (Part 8) made period-1 performance WORSE in the 2024-25 eval season (frac_improved 0.003) and did not clear the bar in 2025-26 either -- disclosed, not silently dropped. Real, disclosed home/away goal dependence exists and GROWS by period (raw correlation ~0 in P1, ~-0.05 to -0.07 in P2, ~-0.08 to -0.14 in P3) and is NOT explained away by the model (residual correlation nearly identical to raw) -- independence should not be assumed for future BTTS/correct-score pricing, especially in P3."
PERIOD_3_GAME_TOTAL_GOALS,Game total goals (3rd Period),PERIOD_MARKETS,PERIOD_EVENT_TIMING,Game total goals (3rd Period),NOT_BUILT,NOT_BUILT,AVAILABLE_UNUSED,NOT_YET_ASSESSED,NOT_YET_BUILT,UNKNOWN,False,False,False,True,False,NOT_YET_ELIGIBLE,NO,"NO (no live sportsbook price exists for any NHL prop market yet, confirmed empirically 2026-08-30)",NO (requires market no-vig P),NO (requires real market price),NOT_STARTED (2026-27 season not begun),No marginal model built,
PERIOD_3_TEAM_TO_SCORE,Team to score (3rd Period),PERIOD_MARKETS,PERIOD_EVENT_TIMING,Team to score (3rd Period),NOT_BUILT,NOT_BUILT,AVAILABLE_UNUSED,NOT_YET_ASSESSED,NOT_YET_BUILT,UNKNOWN,False,False,False,True,False,NOT_YET_ELIGIBLE,NO,"NO (no live sportsbook price exists for any NHL prop market yet, confirmed empirically 2026-08-30)",NO (requires market no-vig P),NO (requires real market price),NOT_STARTED (2026-27 season not begun),No marginal model built,
PERIOD_3_FIRST_TEAM_TO_SCORE,First team to score (3rd Period),PERIOD_MARKETS,PERIOD_EVENT_TIMING,First team to score (3rd Period),NOT_BUILT,NOT_BUILT,AVAILABLE_UNUSED,NOT_YET_ASSESSED,NOT_YET_BUILT,UNKNOWN,False,False,False,True,False,NOT_YET_ELIGIBLE,NO,"NO (no live sportsbook price exists for any NHL prop market yet, confirmed empirically 2026-08-30)",NO (requires market no-vig P),NO (requires real market price),NOT_STARTED (2026-27 season not begun),No marginal model built,
PERIOD_3_BOTH_TEAMS_SCORE,Both teams score (3rd Period),PERIOD_MARKETS,PERIOD_EVENT_TIMING,Both teams score (3rd Period),NOT_BUILT,NOT_BUILT,AVAILABLE_UNUSED,NOT_YET_ASSESSED,NOT_YET_BUILT,UNKNOWN,False,False,False,True,True,NOT_YET_ELIGIBLE,NO,"NO (no live sportsbook price exists for any NHL prop market yet, confirmed empirically 2026-08-30)",NO (requires market no-vig P),NO (requires real market price),NOT_STARTED (2026-27 season not begun),No marginal model built,
PERIOD_3_CORRECT_SCORE,Correct score (3rd Period),PERIOD_MARKETS,PERIOD_EVENT_TIMING,Correct score (3rd Period),NOT_BUILT,NOT_BUILT,AVAILABLE_UNUSED,NOT_YET_ASSESSED,NOT_YET_BUILT,UNKNOWN,False,False,False,True,True,NOT_YET_ELIGIBLE,NO,"NO (no live sportsbook price exists for any NHL prop market yet, confirmed empirically 2026-08-30)",NO (requires market no-vig P),NO (requires real market price),NOT_STARTED (2026-27 season not begun),No marginal model built,
PERIOD_3_GOALIE_SAVES,Goalie saves (3rd Period),PERIOD_MARKETS,PERIOD_EVENT_TIMING,Goalie saves (3rd Period),PARTIAL,PARTIAL_SEASON_INCONSISTENT,AVAILABLE_USED,CURRENT_FRAMEWORK,IMPLEMENTED,UNKNOWN,False,False,False,True,False,NOT_YET_ELIGIBLE,PARTIAL,"NO (no live sportsbook price exists for any NHL prop market yet, confirmed empirically 2026-08-30)",NO (requires market no-vig P),NO (requires real market price),NOT_STARTED (2026-27 season not begun),"Validated in some seasons/strata only, not consistently","GOALIE_SAVES_VALIDATION_REPORT.md: period saves compared a share-of-validated-full-game-model baseline against a direct per-period Poisson GLM candidate. P3: direct-Poisson beat the share baseline in 2025-26 (frac_improved=1.000) but not 2024-25 (0.763) -- PARTIAL, season-inconsistent. All figures CONDITIONAL_ON_ACTUAL_START."
PERIOD_3_PERIOD_WINNING_MARGIN,Period winning margin (3rd Period),PERIOD_MARKETS,PERIOD_EVENT_TIMING,Period winning margin (3rd Period),NOT_BUILT,NOT_BUILT,AVAILABLE_UNUSED,NOT_YET_ASSESSED,NOT_YET_BUILT,UNKNOWN,False,False,False,True,False,NOT_YET_ELIGIBLE,NO,"NO (no live sportsbook price exists for any NHL prop market yet, confirmed empirically 2026-08-30)",NO (requires market no-vig P),NO (requires real market price),NOT_STARTED (2026-27 season not begun),No marginal model built,
